"","T50","M50","rate","range","FC","GCV","degF","spar","pen.crit","lambda"
"1-Methylnicotinamide",3.8482277432804,1.32550023756208,0.38482277432804,2.14505247786067,3.24478657410506,0.251552002413449,10.8626044481054,-0.129341605539273,3.07094607831092,6.93143624784948e-09
"1-Octadecanol",5.45009995895703,1.93589043897633,0.545009995895703,1.78266341479961,-0.0883609463143333,0.251552002413449,10.8626044481054,-0.129341605539273,3.07094607831092,6.93143624784948e-09
"2-Hydroxybutyrate",3.14669926554052,0.888158805144122,0.314669926554052,0.0423002319058244,-0.0467344067102712,0.251552002413449,10.8626044481054,-0.129341605539273,3.07094607831092,6.93143624784948e-09
"2-Hydroxyglutarate",3.10954321131521,0.849132459433654,0.310954321131521,0.54912131130427,0.967688982080706,0.251552002413449,10.8626044481054,-0.129341605539273,3.07094607831092,6.93143624784948e-09
"2-Methylcitric acid",3.44092847618231,1.1095581014449,0.344092847618231,0.669054111738448,0.89782981308829,0.251552002413449,10.8626044481054,-0.129341605539273,3.07094607831092,6.93143624784948e-09
"2-Oxoadipate",3.32580235497062,1.03434513976306,0.332580235497062,0.484068108894008,0.20366396425898,0.251552002413449,10.8626044481054,-0.129341605539273,3.07094607831092,6.93143624784948e-09
"2-Oxobutanoate",9.39057078703627,3.35139869309706,0.939057078703627,2.83408716106084,-1.10428535399546,0.251552002413449,10.8626044481054,-0.129341605539273,3.07094607831092,6.93143624784948e-09
"3-Hydroxypropionic acid",4.01192897508872,1.39984182743472,0.401192897508872,2.1011160910567,2.81054563568666,0.251552002413449,10.8626044481054,-0.129341605539273,3.07094607831092,6.93143624784948e-09
"3-Methylhistamine",3.07308599574571,0.804791286412939,0.307308599574571,0.763005283768061,1.47682703377916,0.251552002413449,10.8626044481054,-0.129341605539273,3.07094607831092,6.93143624784948e-09
"3-Phosphoglycerate",7.5151930331067,2.60818650322435,0.75151930331067,2.19606662239906,-0.837531385644814,0.251552002413449,10.8626044481054,-0.129341605539273,3.07094607831092,6.93143624784948e-09
"4-Guanidinobutanoic acid",2.99147384154639,0.578214186184784,0.299147384154639,0.66872293400171,0.624710357172425,0.251552002413449,10.8626044481054,-0.129341605539273,3.07094607831092,6.93143624784948e-09
"4-Hydroxyphenyl pyruvic acid",3.22272338453786,0.956443382760639,0.322272338453786,0.791041936341867,0.793191913824631,0.251552002413449,10.8626044481054,-0.129341605539273,3.07094607831092,6.93143624784948e-09
"4-Hydroxyproline",3.18075778238108,0.920291065305784,0.318075778238108,0.662122942002967,1.08658649161879,0.251552002413449,10.8626044481054,-0.129341605539273,3.07094607831092,6.93143624784948e-09
"5-Aminopentanoic acid",3.1563091609396,0.897526647020069,0.31563091609396,0.18144947001212,0.236669051385758,0.251552002413449,10.8626044481054,-0.129341605539273,3.07094607831092,6.93143624784948e-09
"5-Methylthioadenosine",3.52507992655319,1.15932796470766,0.352507992655319,0.406025683707038,0.510529661321179,0.251552002413449,10.8626044481054,-0.129341605539273,3.07094607831092,6.93143624784948e-09
"6-Phosphogluconic acid",3.98636127764212,1.38854981134277,0.398636127764212,1.11929639367798,1.23286753744676,0.251552002413449,10.8626044481054,-0.129341605539273,3.07094607831092,6.93143624784948e-09
"Acetoacetic acid",9.22687616884741,3.26740970137548,0.922687616884741,2.72197672150768,-1.22501225372566,0.251552002413449,10.8626044481054,-0.129341605539273,3.07094607831092,6.93143624784948e-09
"Acetoacetyl-CoA",5.34874966627183,1.90180323191633,0.534874966627183,3.60215369594532,5.20013429483815,0.251552002413449,10.8626044481054,-0.129341605539273,3.07094607831092,6.93143624784948e-09
"Acetoin",3.53715236428525,1.16618475146246,0.353715236428525,1.08026933551223,1.44653775945752,0.251552002413449,10.8626044481054,-0.129341605539273,3.07094607831092,6.93143624784948e-09
"Acetyl-CoA",5.05997976802405,1.80276533340605,0.505997976802405,1.58979640168696,1.3659091154964,0.251552002413449,10.8626044481054,-0.129341605539273,3.07094607831092,6.93143624784948e-09
"Aconitic acid",7.28357376900476,2.53145152889673,0.728357376900476,1.93240625335526,-2.09191927319075,0.251552002413449,10.8626044481054,-0.129341605539273,3.07094607831092,6.93143624784948e-09
"Adenine",3.27842101519127,1.00011259466401,0.327842101519127,0.454137042337987,0.666725613720261,0.251552002413449,10.8626044481054,-0.129341605539273,3.07094607831092,6.93143624784948e-09
"Adenosine",3.48890550390297,1.13837730620156,0.348890550390297,1.58727430829417,2.48652464720189,0.251552002413449,10.8626044481054,-0.129341605539273,3.07094607831092,6.93143624784948e-09
"Adenylosuccinic acid",3.42408454098859,1.09912903065404,0.342408454098859,1.99637265649997,4.37693528516382,0.251552002413449,10.8626044481054,-0.129341605539273,3.07094607831092,6.93143624784948e-09
"Adonitol",2.99019484970631,0.600597379525121,0.299019484970631,0.230310318201359,0.430572057450055,0.251552002413449,10.8626044481054,-0.129341605539273,3.07094607831092,6.93143624784948e-09
"ADP ribose",3.52884112474931,1.16147118255056,0.352884112474931,2.28824199048632,6.24825859899878,0.251552002413449,10.8626044481054,-0.129341605539273,3.07094607831092,6.93143624784948e-09
"ADP",3.21366813667373,0.948912656654258,0.321366813667373,0.498055110580801,0.775365903929343,0.251552002413449,10.8626044481054,-0.129341605539273,3.07094607831092,6.93143624784948e-09
"Alanine",3.72670093613988,1.26664029854319,0.372670093613988,1.25380545380798,1.56553608277833,0.251552002413449,10.8626044481054,-0.129341605539273,3.07094607831092,6.93143624784948e-09
"ALCAR",5.03591296978851,1.79436155977725,0.503591296978851,1.71793038705912,-0.0458260072928553,0.251552002413449,10.8626044481054,-0.129341605539273,3.07094607831092,6.93143624784948e-09
"Allantoin",3.52750871670196,1.16071267367057,0.352750871670196,0.574083797599021,0.728655416474582,0.251552002413449,10.8626044481054,-0.129341605539273,3.07094607831092,6.93143624784948e-09
"Alpha-KMV",6.92046903564778,2.41316473616445,0.692046903564778,1.8628452736212,-1.95904083533559,0.251552002413449,10.8626044481054,-0.129341605539273,3.07094607831092,6.93143624784948e-09
"alpha-Ketoglutarate",9.52943432845677,3.43037321504144,0.952943432845677,2.61311008969779,-2.1178928932472,0.251552002413449,10.8626044481054,-0.129341605539273,3.07094607831092,6.93143624784948e-09
"Alpha-KIC",6.92046903564778,2.41316473616445,0.692046903564778,1.8628452736212,-1.95904083533559,0.251552002413449,10.8626044481054,-0.129341605539273,3.07094607831092,6.93143624784948e-09
"alpha-Ketoisovalerate (KIV)",8.71639845316713,3.04224305892792,0.871639845316713,2.19850904741001,-2.92676637335943,0.251552002413449,10.8626044481054,-0.129341605539273,3.07094607831092,6.93143624784948e-09
"Aminoadipate",3.0703348115685,0.801102643737733,0.30703348115685,0.876930278109725,0.526641150276789,0.251552002413449,10.8626044481054,-0.129341605539273,3.07094607831092,6.93143624784948e-09
"Aminoisobutyric acid",5.29869205346154,1.88485027619958,0.529869205346154,1.74596593551294,-0.0313040324345229,0.251552002413449,10.8626044481054,-0.129341605539273,3.07094607831092,6.93143624784948e-09
"Aminolevulinic acid",3.09019012419412,0.826538625097565,0.309019012419412,0.334495192798167,0.516668350175967,0.251552002413449,10.8626044481054,-0.129341605539273,3.07094607831092,6.93143624784948e-09
"AMP",3.35972792046232,1.05754838853641,0.335972792046232,1.56870022008761,2.75317326318865,0.251552002413449,10.8626044481054,-0.129341605539273,3.07094607831092,6.93143624784948e-09
"Anserine",3.46422895182695,1.12371106943928,0.346422895182695,0.457590486581503,0.595811430659067,0.251552002413449,10.8626044481054,-0.129341605539273,3.07094607831092,6.93143624784948e-09
"Anthranilic acid",4.35441184834235,1.54231505631625,0.435441184834235,0.0614596978435862,-0.244347650587785,0.251552002413449,10.8626044481054,-0.129341605539273,3.07094607831092,6.93143624784948e-09
"Arachidic acid (Eicosanoic acid)",3.26364479792119,0.988929436161931,0.326364479792119,0.104151348464192,0.0660822888519822,0.251552002413449,10.8626044481054,-0.129341605539273,3.07094607831092,6.93143624784948e-09
"Arachidonate",3.1721291020749,0.912419382696859,0.31721291020749,0.0409175843437388,0.0552140022693189,0.251552002413449,10.8626044481054,-0.129341605539273,3.07094607831092,6.93143624784948e-09
"Arginine",3.18350623564766,0.922763850660418,0.318350623564766,0.208221774103729,0.326936295101922,0.251552002413449,10.8626044481054,-0.129341605539273,3.07094607831092,6.93143624784948e-09
"Argininosuccinic acid",8.23962140455569,2.85982797634892,0.823962140455569,2.37869585657174,-1.14623506447058,0.251552002413449,10.8626044481054,-0.129341605539273,3.07094607831092,6.93143624784948e-09
"Asparagine",3.40332914869941,1.08603314475923,0.340332914869941,0.391903429232492,0.526369989520995,0.251552002413449,10.8626044481054,-0.129341605539273,3.07094607831092,6.93143624784948e-09
"Aspartate",6.48207255757961,2.27202901827193,0.648207255757961,1.83868285146257,-1.47681453787637,0.251552002413449,10.8626044481054,-0.129341605539273,3.07094607831092,6.93143624784948e-09
"ATP",7.21572920548715,2.50919214962163,0.721572920548715,2.09058817440021,-1.22399096066463,0.251552002413449,10.8626044481054,-0.129341605539273,3.07094607831092,6.93143624784948e-09
"Azelaic acid",2.99122733685363,0.618784416648506,0.299122733685363,0.287720645557614,0.683314218200309,0.251552002413449,10.8626044481054,-0.129341605539273,3.07094607831092,6.93143624784948e-09
"beta-Alanine",3.26498386634103,0.989953910483175,0.326498386634103,0.588749190620553,0.884727326303697,0.251552002413449,10.8626044481054,-0.129341605539273,3.07094607831092,6.93143624784948e-09
"beta-Estradiol",3.06771625348301,0.797536020904808,0.306771625348301,0.367311758991639,0.344710630769611,0.251552002413449,10.8626044481054,-0.129341605539273,3.07094607831092,6.93143624784948e-09
"beta-Hydroxy beta-Methylbutyric acid (HMB)",3.32666121017155,1.03494502750029,0.332666121017155,0.0272289064901878,-0.00333736268605785,0.251552002413449,10.8626044481054,-0.129341605539273,3.07094607831092,6.93143624784948e-09
"beta-Hydroxybutyrate (3-Hydroxybutyrate)",3.21318963423619,0.948510884934331,0.321318963423619,0.571134470775989,0.671868986788161,0.251552002413449,10.8626044481054,-0.129341605539273,3.07094607831092,6.93143624784948e-09
"Betaine",3.19507094078926,0.932996345158289,0.319507094078926,0.0779001635849923,0.120527308503668,0.251552002413449,10.8626044481054,-0.129341605539273,3.07094607831092,6.93143624784948e-09
"Butyryl-CoA",5.79214053387955,2.04901069263477,0.579214053387955,3.63239639647959,4.05330599424915,0.251552002413449,10.8626044481054,-0.129341605539273,3.07094607831092,6.93143624784948e-09
"cAMP",3.26220335679682,0.987824112109556,0.326220335679682,0.239788502700497,0.351940758639669,0.251552002413449,10.8626044481054,-0.129341605539273,3.07094607831092,6.93143624784948e-09
"Capric acid",3.45170934138696,1.11614479811091,0.345170934138696,0.12887311744137,0.166762931176196,0.251552002413449,10.8626044481054,-0.129341605539273,3.07094607831092,6.93143624784948e-09
"Caproic acid",3.40207176685362,1.08523068257018,0.340207176685362,0.0841796941339685,0.105314690036713,0.251552002413449,10.8626044481054,-0.129341605539273,3.07094607831092,6.93143624784948e-09
"Caprylic acid",3.39900977355501,1.0832720323309,0.339900977355501,0.0213195161508448,0.00506677902512184,0.251552002413449,10.8626044481054,-0.129341605539273,3.07094607831092,6.93143624784948e-09
"CAR(10:0)",3.08513246046277,0.820303597620244,0.308513246046277,0.51995946408174,0.947076895716809,0.251552002413449,10.8626044481054,-0.129341605539273,3.07094607831092,6.93143624784948e-09
"CAR(12:0)",3.01361211836775,0.703106438612433,0.301361211836775,0.00899448531068714,-0.0340218427651598,0.251552002413449,10.8626044481054,-0.129341605539273,3.07094607831092,6.93143624784948e-09
"CAR(14:0)",3.01433555449148,0.704840428028505,0.301433555449148,0.0279927203997726,0.0573041311883115,0.251552002413449,10.8626044481054,-0.129341605539273,3.07094607831092,6.93143624784948e-09
"CAR(16:0)",3.57262862128209,1.1859731581435,0.357262862128209,0.714924098527026,0.897551973952381,0.251552002413449,10.8626044481054,-0.129341605539273,3.07094607831092,6.93143624784948e-09
"CAR(18:0)",3.75536921211051,1.28085561783084,0.375536921211051,0.84160444839255,0.984442845953473,0.251552002413449,10.8626044481054,-0.129341605539273,3.07094607831092,6.93143624784948e-09
"CAR(18:1)",4.21161092223747,1.48468548844521,0.421161092223747,0.740876858557797,0.735446405303569,0.251552002413449,10.8626044481054,-0.129341605539273,3.07094607831092,6.93143624784948e-09
"CAR(20:4)",4.06117883133493,1.42129770482641,0.406117883133493,0.660031949143787,0.682413906886856,0.251552002413449,10.8626044481054,-0.129341605539273,3.07094607831092,6.93143624784948e-09
"CAR(3:0)",3.46505038166015,1.12420447718266,0.346505038166015,0.829003603804594,1.11643121463098,0.251552002413449,10.8626044481054,-0.129341605539273,3.07094607831092,6.93143624784948e-09
"CAR(4:0)",3.48657064295185,1.13700313905397,0.348657064295185,1.1210735995616,1.558137243506,0.251552002413449,10.8626044481054,-0.129341605539273,3.07094607831092,6.93143624784948e-09
"CAR(5:0)",3.3919045653347,1.07870223801705,0.33919045653347,0.655294652005631,0.904964940349031,0.251552002413449,10.8626044481054,-0.129341605539273,3.07094607831092,6.93143624784948e-09
"CAR(6:0)",3.89864527944883,1.34893877256485,0.389864527944883,1.21055119242002,1.39386749160141,0.251552002413449,10.8626044481054,-0.129341605539273,3.07094607831092,6.93143624784948e-09
"CAR(8:0)",3.31577275600557,1.02728854131983,0.331577275600557,0.754427235246416,1.11138093299261,0.251552002413449,10.8626044481054,-0.129341605539273,3.07094607831092,6.93143624784948e-09
"CAR(DC5:0)",3.23829746854062,0.969090451001267,0.323829746854062,0.138696840617828,0.201857907732845,0.251552002413449,10.8626044481054,-0.129341605539273,3.07094607831092,6.93143624784948e-09
"Carnitine",3.32308243874922,1.03244083818428,0.332308243874922,0.286050066155197,0.402302705044218,0.251552002413449,10.8626044481054,-0.129341605539273,3.07094607831092,6.93143624784948e-09
"Carnosine",5.63380250254932,1.99696860888188,0.563380250254932,1.75444075611273,-0.0385762137358815,0.251552002413449,10.8626044481054,-0.129341605539273,3.07094607831092,6.93143624784948e-09
"CDP",3.23381247175985,0.965486247863177,0.323381247175985,0.396156557551507,-0.467973561362602,0.251552002413449,10.8626044481054,-0.129341605539273,3.07094607831092,6.93143624784948e-09
"CDP-Ethanolamine",3.75400451037194,1.28018384389407,0.375400451037194,1.6816644616465,2.27130765889303,0.251552002413449,10.8626044481054,-0.129341605539273,3.07094607831092,6.93143624784948e-09
"CDP-Ribitol",3.37501646766577,1.06769624969491,0.337501646766577,0.0618833411929598,0.0543793640981171,0.251552002413449,10.8626044481054,-0.129341605539273,3.07094607831092,6.93143624784948e-09
"Cholesterol",3.28215552767233,1.00289794352307,0.328215552767233,0.0510233041735557,0.0619182919587486,0.251552002413449,10.8626044481054,-0.129341605539273,3.07094607831092,6.93143624784948e-09
"Choline",3.373188893318,1.06649263203134,0.3373188893318,1.35082923383164,2.15513946627217,0.251552002413449,10.8626044481054,-0.129341605539273,3.07094607831092,6.93143624784948e-09
"Cinnamate",3.55247257649626,1.1747946816719,0.355247257649626,0.0443177692080237,-0.434221141574985,0.251552002413449,10.8626044481054,-0.129341605539273,3.07094607831092,6.93143624784948e-09
"Citicoline",3.25310496566635,0.98078545192202,0.325310496566635,1.1066697098403,1.84358203055062,0.251552002413449,10.8626044481054,-0.129341605539273,3.07094607831092,6.93143624784948e-09
"Citraconate",6.54485285172768,2.29219802501934,0.654485285172768,2.03222748894984,-0.420180880802343,0.251552002413449,10.8626044481054,-0.129341605539273,3.07094607831092,6.93143624784948e-09
"Citrate",7.42363407963694,2.5777024973977,0.742363407963694,2.06136891313205,-1.58866526432349,0.251552002413449,10.8626044481054,-0.129341605539273,3.07094607831092,6.93143624784948e-09
"Citrulline",6.89246808269036,2.40411386244425,0.689246808269036,2.10081590910591,-0.789995884258868,0.251552002413449,10.8626044481054,-0.129341605539273,3.07094607831092,6.93143624784948e-09
"CMP",3.16767357618301,0.908287523885407,0.316767357618301,0.71624385140293,1.20280608963974,0.251552002413449,10.8626044481054,-0.129341605539273,3.07094607831092,6.93143624784948e-09
"CoA",3.26512902588001,0.990064831804205,0.326512902588001,0.0488263826056813,-0.00328921832484359,0.251552002413449,10.8626044481054,-0.129341605539273,3.07094607831092,6.93143624784948e-09
"Creatine",3.21963587272694,0.953890922955833,0.321963587272694,0.297857423199064,0.454203895210869,0.251552002413449,10.8626044481054,-0.129341605539273,3.07094607831092,6.93143624784948e-09
"Creatinine",3.33532556143746,1.0409592990194,0.333532556143746,0.26727777191209,0.372483291407556,0.251552002413449,10.8626044481054,-0.129341605539273,3.07094607831092,6.93143624784948e-09
"CTP",8.18967044082456,2.84168516225944,0.818967044082456,2.13926885078691,-2.27071078129015,0.251552002413449,10.8626044481054,-0.129341605539273,3.07094607831092,6.93143624784948e-09
"Cystathionine",3.12059843565567,0.861271189778656,0.312059843565567,0.535439037691411,0.927588080514763,0.251552002413449,10.8626044481054,-0.129341605539273,3.07094607831092,6.93143624784948e-09
"Cysteine",3.34235294144582,1.04578831403744,0.334235294144582,0.00355807547830289,-0.0872791786103668,0.251552002413449,10.8626044481054,-0.129341605539273,3.07094607831092,6.93143624784948e-09
"Cysteinesulfinic acid",3.00036530381658,0.665097692690982,0.300036530381658,0.217176361127669,-1.0794525875735,0.251552002413449,10.8626044481054,-0.129341605539273,3.07094607831092,6.93143624784948e-09
"Cystine",3.54114636652412,1.16843908716214,0.354114636652412,0.0261803367561289,-0.79210743744049,0.251552002413449,10.8626044481054,-0.129341605539273,3.07094607831092,6.93143624784948e-09
"Cytidine",3.30728987530165,1.02124433296802,0.330728987530165,0.448555736872102,0.644159814220544,0.251552002413449,10.8626044481054,-0.129341605539273,3.07094607831092,6.93143624784948e-09
"Cytosine",3.39365374837053,1.07983050034955,0.339365374837053,0.437540606319753,0.0725787189652496,0.251552002413449,10.8626044481054,-0.129341605539273,3.07094607831092,6.93143624784948e-09
"Deoxyuridine",3.36079107442674,1.05825996769957,0.336079107442674,0.511620916850496,0.489606592500018,0.251552002413449,10.8626044481054,-0.129341605539273,3.07094607831092,6.93143624784948e-09
"Dihydroxyacetone phosphate (DHAP)",4.33428426725436,1.53432418176428,0.433428426725436,1.51539565486099,1.56132832752273,0.251552002413449,10.8626044481054,-0.129341605539273,3.07094607831092,6.93143624784948e-09
"Dihydrobiopterin",3.39275451053072,1.07925073945257,0.339275451053072,0.176874580440172,0.236969525084236,0.251552002413449,10.8626044481054,-0.129341605539273,3.07094607831092,6.93143624784948e-09
"Dihydrouracil",3.05315382698518,0.776566964877458,0.305315382698518,1.15513218859206,2.766522859944,0.251552002413449,10.8626044481054,-0.129341605539273,3.07094607831092,6.93143624784948e-09
"Dihydroxyphenylalanine (DOPA)",3.17116961995998,0.911533571067947,0.317116961995998,0.182034802861731,0.181418580740986,0.251552002413449,10.8626044481054,-0.129341605539273,3.07094607831092,6.93143624784948e-09
"Dimethylarginine",3.59808086788144,1.19985960709776,0.359808086788144,0.24553551858727,0.296265378363449,0.251552002413449,10.8626044481054,-0.129341605539273,3.07094607831092,6.93143624784948e-09
"Dopamine (3-Hydroxytyramine HCl)",3.00657404022604,0.684709058205307,0.300657404022604,0.348819316175561,-0.400825932531758,0.251552002413449,10.8626044481054,-0.129341605539273,3.07094607831092,6.93143624784948e-09
"Dulcitol",3.33555986641932,1.04112100429713,0.333555986641932,0.653997250197238,0.937951150767922,0.251552002413449,10.8626044481054,-0.129341605539273,3.07094607831092,6.93143624784948e-09
"Erythrose 4-phosphate",3.38593803026288,1.0748374241137,0.338593803026288,1.04772121751947,1.53683394598184,0.251552002413449,10.8626044481054,-0.129341605539273,3.07094607831092,6.93143624784948e-09
"Erythrose",3.55038520715425,1.17362746474129,0.355038520715425,0.546823703044566,0.684761628668525,0.251552002413449,10.8626044481054,-0.129341605539273,3.07094607831092,6.93143624784948e-09
"FAD",3.33304823489561,1.03938506395695,0.333304823489561,0.12721271019522,0.176795657601469,0.251552002413449,10.8626044481054,-0.129341605539273,3.07094607831092,6.93143624784948e-09
"Fructose 6-phosphate",3.69390569047437,1.25010072505966,0.369390569047437,1.5389787321587,2.07111985284727,0.251552002413449,10.8626044481054,-0.129341605539273,3.07094607831092,6.93143624784948e-09
"Fructose",3.20666265115142,0.942990757195197,0.320666265115142,0.494814681142381,0.775148683227829,0.251552002413449,10.8626044481054,-0.129341605539273,3.07094607831092,6.93143624784948e-09
"Fumarate",6.90758654198817,2.40899972123996,0.690758654198817,2.14598407722073,-0.721976535178718,0.251552002413449,10.8626044481054,-0.129341605539273,3.07094607831092,6.93143624784948e-09
"Gamma-aminobutyric acid (GABA)",3.57709226850875,1.18842657378855,0.357709226850875,0.55681996896484,-0.0592440564758648,0.251552002413449,10.8626044481054,-0.129341605539273,3.07094607831092,6.93143624784948e-09
"Galacturonic acid",3.29467805130571,1.01212320352779,0.329467805130571,0.210243811305591,0.30076920895251,0.251552002413449,10.8626044481054,-0.129341605539273,3.07094607831092,6.93143624784948e-09
"gamma-Glutamylcysteine",3.58231530224566,1.19128747094201,0.358231530224566,1.34532915352179,1.84560694619493,0.251552002413449,10.8626044481054,-0.129341605539273,3.07094607831092,6.93143624784948e-09
"GDP",3.3118876646231,1.0245291576732,0.33118876646231,0.64403140802057,0.93866453626726,0.251552002413449,10.8626044481054,-0.129341605539273,3.07094607831092,6.93143624784948e-09
"Glucaric acid",3.3051855465219,1.01973384780401,0.33051855465219,0.319845316104578,0.456275043565916,0.251552002413449,10.8626044481054,-0.129341605539273,3.07094607831092,6.93143624784948e-09
"Gluconic acid",3.42328870516212,1.09863197838295,0.342328870516212,0.608210242751039,0.820076752921103,0.251552002413449,10.8626044481054,-0.129341605539273,3.07094607831092,6.93143624784948e-09
"Glucose 6-phosphate",3.49087699652773,1.13953547363379,0.349087699652773,1.25505093533142,1.78710788600085,0.251552002413449,10.8626044481054,-0.129341605539273,3.07094607831092,6.93143624784948e-09
"Glucose",3.66716112573431,1.2363785779841,0.366716112573431,1.05362929986859,1.31318601328639,0.251552002413449,10.8626044481054,-0.129341605539273,3.07094607831092,6.93143624784948e-09
"Glutamate",3.48392086076456,1.13544027117574,0.348392086076456,0.380682687901201,-0.426910136064982,0.251552002413449,10.8626044481054,-0.129341605539273,3.07094607831092,6.93143624784948e-09
"Glutamine",6.92439199492355,2.41443339058002,0.692439199492355,2.19523542491331,-0.0525285494994768,0.251552002413449,10.8626044481054,-0.129341605539273,3.07094607831092,6.93143624784948e-09
"Glyceraldehyde 3-phosphate",3.82592902009537,1.31496203834994,0.382592902009537,1.19551884174871,1.41517413744284,0.251552002413449,10.8626044481054,-0.129341605539273,3.07094607831092,6.93143624784948e-09
"Glycerate",6.49093863336293,2.27487730733433,0.649093863336293,2.11765763101073,-0.4316267150336,0.251552002413449,10.8626044481054,-0.129341605539273,3.07094607831092,6.93143624784948e-09
"Glycerol 3-phosphate",3.72004247593532,1.26330684850292,0.372004247593532,1.26676122718862,1.59022716736286,0.251552002413449,10.8626044481054,-0.129341605539273,3.07094607831092,6.93143624784948e-09
"Glycerol",3.36540126291402,1.06133526660356,0.336540126291402,0.301171193854585,0.412169024413885,0.251552002413449,10.8626044481054,-0.129341605539273,3.07094607831092,6.93143624784948e-09
"Glycine",3.336649995892,1.0418727176541,0.3336649995892,0.107093389472566,0.14842441950106,0.251552002413449,10.8626044481054,-0.129341605539273,3.07094607831092,6.93143624784948e-09
"GMP",3.55782651101163,1.17778017798134,0.355782651101163,1.83616645902913,3.01264372896328,0.251552002413449,10.8626044481054,-0.129341605539273,3.07094607831092,6.93143624784948e-09
"GSH",3.37153019104699,1.06539804621536,0.337153019104699,0.371142823901995,0.507755386673658,0.251552002413449,10.8626044481054,-0.129341605539273,3.07094607831092,6.93143624784948e-09
"GSSG",3.32842806376902,1.0361769951728,0.332842806376902,0.375248559618416,0.0464240359501758,0.251552002413449,10.8626044481054,-0.129341605539273,3.07094607831092,6.93143624784948e-09
"GTP",7.22297369654552,2.51156495563698,0.722297369654552,2.09500500621537,-1.21439653477813,0.251552002413449,10.8626044481054,-0.129341605539273,3.07094607831092,6.93143624784948e-09
"Guanidinosuccinic acid",5.98170434410486,2.11075160574544,0.598170434410486,1.93764931890139,-0.164584707632876,0.251552002413449,10.8626044481054,-0.129341605539273,3.07094607831092,6.93143624784948e-09
"Guanidoacetic acid",3.24010052165704,0.970531080098971,0.324010052165704,0.139031935454336,0.201709957545583,0.251552002413449,10.8626044481054,-0.129341605539273,3.07094607831092,6.93143624784948e-09
"Guanine",3.13305776495599,0.874390454726856,0.313305776495599,0.29287453055595,0.487821823359456,0.251552002413449,10.8626044481054,-0.129341605539273,3.07094607831092,6.93143624784948e-09
"Guanosine",3.35507897738717,1.05442615358252,0.335507897738717,0.300024355554688,0.413305336632335,0.251552002413449,10.8626044481054,-0.129341605539273,3.07094607831092,6.93143624784948e-09
"Heptadecanoic acid",3.1911734212481,0.929578091155034,0.31911734212481,0.113545855483194,0.176441522373341,0.251552002413449,10.8626044481054,-0.129341605539273,3.07094607831092,6.93143624784948e-09
"Heptylic acid",3.30729986650476,1.02125149397169,0.330729986650476,0.0589161814333437,0.0832524299561937,0.251552002413449,10.8626044481054,-0.129341605539273,3.07094607831092,6.93143624784948e-09
"Hexanoyl-CoA",3.24635792824665,0.975494587768859,0.324635792824665,0.0415894280678943,-0.0197332729557422,0.251552002413449,10.8626044481054,-0.129341605539273,3.07094607831092,6.93143624784948e-09
"Histidine",5.67824876212353,2.01162758807061,0.567824876212353,1.9326669646411,-0.136684148137377,0.251552002413449,10.8626044481054,-0.129341605539273,3.07094607831092,6.93143624784948e-09
"HMG-CoA",3.22601286501322,0.959145916895088,0.322601286501322,0.0636671306023238,-0.689384976022045,0.251552002413449,10.8626044481054,-0.129341605539273,3.07094607831092,6.93143624784948e-09
"Homocysteine",5.29002853919019,1.88190785069372,0.529002853919019,1.64026541273068,-0.381520752104035,0.251552002413449,10.8626044481054,-0.129341605539273,3.07094607831092,6.93143624784948e-09
"Homoserine",3.34563832115691,1.04803129940465,0.334563832115691,0.0951922226478152,-0.00518682747538828,0.251552002413449,10.8626044481054,-0.129341605539273,3.07094607831092,6.93143624784948e-09
"Hypotaurine",3.14721596149866,0.888669139587254,0.314721596149866,0.118736126603869,0.145486438880115,0.251552002413449,10.8626044481054,-0.129341605539273,3.07094607831092,6.93143624784948e-09
"Hypoxanthine",3.75074781450667,1.27857878218606,0.375074781450667,2.40344738285867,5.01223143333588,0.251552002413449,10.8626044481054,-0.129341605539273,3.07094607831092,6.93143624784948e-09
"Imidazoleacetic acid",3.28271001384473,1.00331013588495,0.328271001384474,0.253912519294397,0.367077385071421,0.251552002413449,10.8626044481054,-0.129341605539273,3.07094607831092,6.93143624784948e-09
"IMP",3.28626923215052,1.00594768326994,0.328626923215052,1.85185503752343,4.59349449510351,0.251552002413449,10.8626044481054,-0.129341605539273,3.07094607831092,6.93143624784948e-09
"Inosine",3.89137315828248,1.34558997491998,0.389137315828248,2.64368355265866,6.81148946600252,0.251552002413449,10.8626044481054,-0.129341605539273,3.07094607831092,6.93143624784948e-09
"Inotisol",3.31643975345196,1.02776079883368,0.331643975345196,0.0784483151001192,0.110173488222379,0.251552002413449,10.8626044481054,-0.129341605539273,3.07094607831092,6.93143624784948e-09
"Isobutyryl-CoA",5.35521930328582,1.90398843598237,0.535521930328582,3.40479435881483,4.16104869355539,0.251552002413449,10.8626044481054,-0.129341605539273,3.07094607831092,6.93143624784948e-09
"Isocitrate",7.06296275793557,2.45935767979911,0.706296275793557,1.95483830356973,-1.64787924256383,0.251552002413449,10.8626044481054,-0.129341605539273,3.07094607831092,6.93143624784948e-09
"Isoleucine",3.48749596666494,1.13754806243885,0.348749596666494,0.400325981883748,0.513052802188276,0.251552002413449,10.8626044481054,-0.129341605539273,3.07094607831092,6.93143624784948e-09
"Itaconic acid",5.0884074999737,1.81265927192338,0.50884074999737,0.239240866006488,-0.390907662799827,0.251552002413449,10.8626044481054,-0.129341605539273,3.07094607831092,6.93143624784948e-09
"Kynurenic acid",3.03831500175693,0.752674721873771,0.303831500175693,0.0981867172353854,0.183674960231885,0.251552002413449,10.8626044481054,-0.129341605539273,3.07094607831092,6.93143624784948e-09
"Lactate",3.78402113651055,1.29485034827788,0.378402113651055,2.09100233846634,3.23048587864699,0.251552002413449,10.8626044481054,-0.129341605539273,3.07094607831092,6.93143624784948e-09
"Lauric acid",3.24321566786602,0.973009022123499,0.324321566786603,0.0474533238402645,0.0703737042799246,0.251552002413449,10.8626044481054,-0.129341605539273,3.07094607831092,6.93143624784948e-09
"Leucine",3.48912655607182,1.13850726222993,0.348912655607182,0.372661490690771,0.47651501337176,0.251552002413449,10.8626044481054,-0.129341605539273,3.07094607831092,6.93143624784948e-09
"Linoleate",3.24786286822291,0.976680129234154,0.324786286822291,0.0617608179612786,0.0912599039796445,0.251552002413449,10.8626044481054,-0.129341605539273,3.07094607831092,6.93143624784948e-09
"Lysine",3.25397351326046,0.981462068513274,0.325397351326046,0.351153376034244,0.521790623458713,0.251552002413449,10.8626044481054,-0.129341605539273,3.07094607831092,6.93143624784948e-09
"Malate",6.24006730530846,2.19421847439069,0.624006730530846,2.02583830408645,-0.484138646141564,0.251552002413449,10.8626044481054,-0.129341605539273,3.07094607831092,6.93143624784948e-09
"Malonate",3.27968964176944,1.00106059292526,0.327968964176944,0.117865811392768,0.0688194593297015,0.251552002413449,10.8626044481054,-0.129341605539273,3.07094607831092,6.93143624784948e-09
"Mannitol",3.77894972145532,1.29238819318178,0.377894972145532,0.316716860293513,0.355337066116448,0.251552002413449,10.8626044481054,-0.129341605539273,3.07094607831092,6.93143624784948e-09
"Mannose",3.32759820711908,1.03559872054311,0.332759820711908,0.422827325317673,0.597435578091243,0.251552002413449,10.8626044481054,-0.129341605539273,3.07094607831092,6.93143624784948e-09
"Methionine",3.31743798728985,1.02846678164043,0.331743798728985,0.36617360421422,-0.222319734422126,0.251552002413449,10.8626044481054,-0.129341605539273,3.07094607831092,6.93143624784948e-09
"Methylimidazole acetic acid",3.49959250056509,1.14463227383203,0.349959250056509,0.450602879117144,0.575450053191825,0.251552002413449,10.8626044481054,-0.129341605539273,3.07094607831092,6.93143624784948e-09
"Methylmalonic acid",3.45302107703264,1.11694166396644,0.345302107703264,1.94681536959795,3.86427985691703,0.251552002413449,10.8626044481054,-0.129341605539273,3.07094607831092,6.93143624784948e-09
"Methylmalonyl-CoA",7.25277545903191,2.52133606575743,0.725277545903191,1.77056688409773,-3.60438812156508,0.251552002413449,10.8626044481054,-0.129341605539273,3.07094607831092,6.93143624784948e-09
"Mevalonic acid",5.21102919119551,1.85495689468912,0.521102919119551,1.73781238300159,-0.0287520685770427,0.251552002413449,10.8626044481054,-0.129341605539273,3.07094607831092,6.93143624784948e-09
"Mucic acid",3.27269756527585,0.995812182207285,0.327269756527585,0.380155190703361,0.557593334022254,0.251552002413449,10.8626044481054,-0.129341605539273,3.07094607831092,6.93143624784948e-09
"Myristic acid",3.26529038355602,0.990188099732437,0.326529038355602,0.0922905651991011,0.13456398444395,0.251552002413449,10.8626044481054,-0.129341605539273,3.07094607831092,6.93143624784948e-09
"N-Acetylasparagine",3.19794097186968,0.424644828533294,0.319794097186968,0.112255961796771,0.383624728246444,0.251552002413449,10.8626044481054,-0.129341605539273,3.07094607831092,6.93143624784948e-09
"N-Acetylaspartate",3.85082136044366,1.32671891794429,0.385082136044366,0.755005560878133,0.844304491806804,0.251552002413449,10.8626044481054,-0.129341605539273,3.07094607831092,6.93143624784948e-09
"N-Acetylcysteine",3.0721407284318,0.803530513320848,0.30721407284318,0.315861789117305,0.532957421690801,0.251552002413449,10.8626044481054,-0.129341605539273,3.07094607831092,6.93143624784948e-09
"N-Acetyl-D-glucosamine",3.38780940453853,1.07605233172289,0.338780940453853,0.187639564664881,0.252214291811334,0.251552002413449,10.8626044481054,-0.129341605539273,3.07094607831092,6.93143624784948e-09
"N-acetylglutamate",3.43904990187002,1.10840342801588,0.343904990187002,0.569449758382714,0.758174814351518,0.251552002413449,10.8626044481054,-0.129341605539273,3.07094607831092,6.93143624784948e-09
"N-Acetylglutamine",3.14870644900566,0.890136938809728,0.314870644900566,0.187404644452677,0.304866699968846,0.251552002413449,10.8626044481054,-0.129341605539273,3.07094607831092,6.93143624784948e-09
"N-Acetylglycine",4.13049892997014,1.45088582059608,0.413049892997014,0.156670919931801,0.150893904751862,0.251552002413449,10.8626044481054,-0.129341605539273,3.07094607831092,6.93143624784948e-09
"N-Acetylleucine",3.50576070854004,1.14821695833171,0.350576070854004,0.276344287654891,0.348907784586152,0.251552002413449,10.8626044481054,-0.129341605539273,3.07094607831092,6.93143624784948e-09
"N-Acetylmethionine",2.99030202773247,0.605456659325111,0.299030202773247,0.139970470436417,0.335022079467382,0.251552002413449,10.8626044481054,-0.129341605539273,3.07094607831092,6.93143624784948e-09
"N-Acetylneuraminic acid",3.13838662894977,0.879838478613138,0.313838662894977,0.948028375758925,1.73814361991157,0.251552002413449,10.8626044481054,-0.129341605539273,3.07094607831092,6.93143624784948e-09
"N-Acetylornithine",3.18223982956442,0.921626482575683,0.318223982956442,0.189195172422487,0.297208896092717,0.251552002413449,10.8626044481054,-0.129341605539273,3.07094607831092,6.93143624784948e-09
"N-Acetylserine",3.13468119509434,0.876060027651065,0.313468119509434,0.129206191286062,0.213163621724609,0.251552002413449,10.8626044481054,-0.129341605539273,3.07094607831092,6.93143624784948e-09
"N-Acetyltyrosine",3.36093982846796,1.05835945847533,0.336093982846796,0.187391756671892,0.256112210463142,0.251552002413449,10.8626044481054,-0.129341605539273,3.07094607831092,6.93143624784948e-09
"N-Acetylvaline",3.47842297366878,1.13218605661533,0.347842297366878,0.0906806017638273,0.115612144391075,0.251552002413449,10.8626044481054,-0.129341605539273,3.07094607831092,6.93143624784948e-09
"NAD+",6.17073727696561,2.17187719589202,0.617073727696561,1.9963009608418,-0.512878730633721,0.251552002413449,10.8626044481054,-0.129341605539273,3.07094607831092,6.93143624784948e-09
"NADH",3.37306736373193,1.06641250483524,0.337306736373193,0.839317087562465,1.2002142024914,0.251552002413449,10.8626044481054,-0.129341605539273,3.07094607831092,6.93143624784948e-09
"NADP+",5.2131987140715,1.85570002254681,0.52131987140715,1.74230208577707,-0.0192007207007143,0.251552002413449,10.8626044481054,-0.129341605539273,3.07094607831092,6.93143624784948e-09
"NADPH",3.47792229407787,1.13188892454212,0.347792229407787,0.0492081805121398,-0.00822545243844007,0.251552002413449,10.8626044481054,-0.129341605539273,3.07094607831092,6.93143624784948e-09
"N-Formylmethionine",3.06663664707685,0.796049042705695,0.306663664707685,0.177251773062884,0.322573995494199,0.251552002413449,10.8626044481054,-0.129341605539273,3.07094607831092,6.93143624784948e-09
"Niacin",3.49032302650994,1.13921023731148,0.349032302650994,1.05053948064501,0.785103171324647,0.251552002413449,10.8626044481054,-0.129341605539273,3.07094607831092,6.93143624784948e-09
"Nicotinamide",3.32246446430509,1.03200721204219,0.332246446430508,0.738184224953509,0.705748223811056,0.251552002413449,10.8626044481054,-0.129341605539273,3.07094607831092,6.93143624784948e-09
"Nonanoic acid",3.39824128867713,1.08277945517097,0.339824128867713,0.177220723161682,0.236658098777864,0.251552002413449,10.8626044481054,-0.129341605539273,3.07094607831092,6.93143624784948e-09
"Norvaline",3.3487443406957,1.05014342237736,0.33487443406957,0.230819387508429,0.318387394198521,0.251552002413449,10.8626044481054,-0.129341605539273,3.07094607831092,6.93143624784948e-09
"N-Trimethyllysine",3.33306693227496,1.03939800762446,0.333306693227496,0.149491698002391,0.0377776326047528,0.251552002413449,10.8626044481054,-0.129341605539273,3.07094607831092,6.93143624784948e-09
"Oleic acid",6.23640595236884,2.19303941004835,0.623640595236884,2.14201677322082,-0.13756356963995,0.251552002413449,10.8626044481054,-0.129341605539273,3.07094607831092,6.93143624784948e-09
"O-Phosphoethanolamine",3.20203897708507,0.939034255268551,0.320203897708507,0.162197319861587,0.249815881392293,0.251552002413449,10.8626044481054,-0.129341605539273,3.07094607831092,6.93143624784948e-09
"O-Phosphoserine",3.35292921545624,1.052976443972,0.335292921545624,0.0702849695516203,-0.0353815911379067,0.251552002413449,10.8626044481054,-0.129341605539273,3.07094607831092,6.93143624784948e-09
"Ornithine",3.25747123682413,0.984176748374024,0.325747123682413,0.412015932538564,0.460171905576187,0.251552002413449,10.8626044481054,-0.129341605539273,3.07094607831092,6.93143624784948e-09
"Orotate",3.40728656213105,1.08855184485388,0.340728656213105,0.338108085684171,0.451761845843969,0.251552002413449,10.8626044481054,-0.129341605539273,3.07094607831092,6.93143624784948e-09
"Palmitate",3.21039998966535,0.946160711337425,0.321039998966535,0.0858947321354602,0.131061366778862,0.251552002413449,10.8626044481054,-0.129341605539273,3.07094607831092,6.93143624784948e-09
"Palmitic acid",5.10046405351375,1.81684500087835,0.510046405351375,1.65800949494379,-0.0053413074837352,0.251552002413449,10.8626044481054,-0.129341605539273,3.07094607831092,6.93143624784948e-09
"Pentadecanoic acid",4.75323206286083,1.69350186943925,0.475323206286083,1.52577689353421,-0.116713166960757,0.251552002413449,10.8626044481054,-0.129341605539273,3.07094607831092,6.93143624784948e-09
"Pentanoic acid",3.82366071397064,1.3138838713098,0.382366071397064,0.0801573373534257,0.00979088477263837,0.251552002413449,10.8626044481054,-0.129341605539273,3.07094607831092,6.93143624784948e-09
"Phenylalanine",3.4872575260606,1.13740768623231,0.34872575260606,0.567915758746576,0.7358994407134,0.251552002413449,10.8626044481054,-0.129341605539273,3.07094607831092,6.93143624784948e-09
"Phosphocholine",3.1006219116689,0.838948586816124,0.31006219116689,0.14123487403634,0.124347492494812,0.251552002413449,10.8626044481054,-0.129341605539273,3.07094607831092,6.93143624784948e-09
"Phosphocreatine",6.09337560350104,2.14690398310104,0.609337560350104,1.80120774338165,-1.16733196340226,0.251552002413449,10.8626044481054,-0.129341605539273,3.07094607831092,6.93143624784948e-09
"Phosphoenolpyruvate",3.26130594871483,0.987134629885814,0.326130594871483,0.325272376606561,0.47975764805878,0.251552002413449,10.8626044481054,-0.129341605539273,3.07094607831092,6.93143624784948e-09
"Pimelate",3.38797974222234,1.07616279157463,0.338797974222234,0.136225704560001,0.182867511463339,0.251552002413449,10.8626044481054,-0.129341605539273,3.07094607831092,6.93143624784948e-09
"Pipecolic acid",3.34278208351952,1.04608182044676,0.334278208351952,0.0830137614251387,0.11454787765073,0.251552002413449,10.8626044481054,-0.129341605539273,3.07094607831092,6.93143624784948e-09
"Proline",3.58404191611862,1.1922308902398,0.358404191611862,0.858986589850321,1.08826975695423,0.251552002413449,10.8626044481054,-0.129341605539273,3.07094607831092,6.93143624784948e-09
"Propionic acid",4.20538968054984,1.48212231179849,0.420538968054984,0.516513896503908,0.507956872593347,0.251552002413449,10.8626044481054,-0.129341605539273,3.07094607831092,6.93143624784948e-09
"Propionyl-CoA",6.10420384309964,2.15040263428759,0.610420384309964,3.02442297980962,2.52081321862619,0.251552002413449,10.8626044481054,-0.129341605539273,3.07094607831092,6.93143624784948e-09
"Propionylglycine",3.34579209647563,1.04813605947326,0.334579209647563,0.244352103096392,0.337871543900986,0.251552002413449,10.8626044481054,-0.129341605539273,3.07094607831092,6.93143624784948e-09
"Prostaglandin E2",3.2375810896965,0.968516752773441,0.323758108969651,0.288803934538025,0.43343103198848,0.251552002413449,10.8626044481054,-0.129341605539273,3.07094607831092,6.93143624784948e-09
"Pterin",3.22185540285227,0.955727383950995,0.322185540285227,0.13036576603654,0.189146062552976,0.251552002413449,10.8626044481054,-0.129341605539273,3.07094607831092,6.93143624784948e-09
"Pyridoxamine",3.46586668957116,1.12469444480219,0.346586668957116,0.335653962852016,0.433797181808762,0.251552002413449,10.8626044481054,-0.129341605539273,3.07094607831092,6.93143624784948e-09
"Pyruvate",5.71521844508629,2.02378953390798,0.571521844508629,1.75442627035194,-0.261708910535492,0.251552002413449,10.8626044481054,-0.129341605539273,3.07094607831092,6.93143624784948e-09
"Quinolinic acid",3.1445498857247,0.886027468894978,0.31445498857247,0.038403814707505,-0.709684440844763,0.251552002413449,10.8626044481054,-0.129341605539273,3.07094607831092,6.93143624784948e-09
"Riboflavin",3.41772704997493,1.09514721897548,0.341772704997493,0.773649941750408,1.06504061226001,0.251552002413449,10.8626044481054,-0.129341605539273,3.07094607831092,6.93143624784948e-09
"Ribose 5-phosphate",3.21251252886123,0.947941685630229,0.321251252886123,0.4326212918882,0.670215583048436,0.251552002413449,10.8626044481054,-0.129341605539273,3.07094607831092,6.93143624784948e-09
"Ribose",3.36283603855009,1.05962615919049,0.336283603855009,0.346409474357304,0.475910270947032,0.251552002413449,10.8626044481054,-0.129341605539273,3.07094607831092,6.93143624784948e-09
"Ribulose 5-phosphate",3.47046065219092,1.1274451380814,0.347046065219092,0.87738822399396,1.18515802453032,0.251552002413449,10.8626044481054,-0.129341605539273,3.07094607831092,6.93143624784948e-09
"S-Adenosylhomocysteine",3.22864434948042,0.961295554522708,0.322864434948042,0.743027849827729,1.17621777537839,0.251552002413449,10.8626044481054,-0.129341605539273,3.07094607831092,6.93143624784948e-09
"S-Adenosylmethionine",3.4244732225452,1.09937164421714,0.34244732225452,0.141575641071163,-0.256989252781825,0.251552002413449,10.8626044481054,-0.129341605539273,3.07094607831092,6.93143624784948e-09
"Sedoheptulose 7-phosphate",3.8725720241041,1.33688294256263,0.38725720241041,1.41075989610321,1.6933071090898,0.251552002413449,10.8626044481054,-0.129341605539273,3.07094607831092,6.93143624784948e-09
"Sedoheptulose",3.54774773125882,1.17215001174356,0.354774773125882,0.805944390588017,1.03407470533305,0.251552002413449,10.8626044481054,-0.129341605539273,3.07094607831092,6.93143624784948e-09
"Serine",3.33529862293472,1.04094070433511,0.333529862293472,0.00332466331600623,0.00460783148940949,0.251552002413449,10.8626044481054,-0.129341605539273,3.07094607831092,6.93143624784948e-09
"Serotonin",3.25092185800349,0.979080295833373,0.325092185800349,0.0631328822298399,0.0602440947973871,0.251552002413449,10.8626044481054,-0.129341605539273,3.07094607831092,6.93143624784948e-09
"Sphingosine 1-phosphate",4.1196580892306,1.4463032167065,0.41196580892306,0.0935832121733693,-1.30156365956912,0.251552002413449,10.8626044481054,-0.129341605539273,3.07094607831092,6.93143624784948e-09
"Sphingosine",3.04843139842706,0.769283969613988,0.304843139842706,0.455910522299065,0.778773235873919,0.251552002413449,10.8626044481054,-0.129341605539273,3.07094607831092,6.93143624784948e-09
"Stearate",3.16041290004523,0.901450495996279,0.316041290004523,0.11310278603911,-0.232107043375242,0.251552002413449,10.8626044481054,-0.129341605539273,3.07094607831092,6.93143624784948e-09
"Suberic acid",3.05061389121693,0.490548360761907,0.305061389121693,0.410971240604202,1.28787825954091,0.251552002413449,10.8626044481054,-0.129341605539273,3.07094607831092,6.93143624784948e-09
"Succinate",3.52000294567733,1.15642481463055,0.352000294567733,1.85195257407442,3.17573152510084,0.251552002413449,10.8626044481054,-0.129341605539273,3.07094607831092,6.93143624784948e-09
"Succinyl-CoA",10.0004264382806,3.93204938349971,1.00004264382806,2.92862750668958,-2.23222516344655,0.251552002413449,10.8626044481054,-0.129341605539273,3.07094607831092,6.93143624784948e-09
"Tartaric acid",3.02687510606938,0.731748286041286,0.302687510606938,0.108611133556033,0.174704285326381,0.251552002413449,10.8626044481054,-0.129341605539273,3.07094607831092,6.93143624784948e-09
"Taurine",3.73313264640001,1.26984866235863,0.373313264640001,0.301258669682195,-0.0912547540136717,0.251552002413449,10.8626044481054,-0.129341605539273,3.07094607831092,6.93143624784948e-09
"Threonine",3.49766208298388,1.14350660286036,0.349766208298388,0.37830934387625,0.481716850425848,0.251552002413449,10.8626044481054,-0.129341605539273,3.07094607831092,6.93143624784948e-09
"Thymidine",3.25637197789365,0.98332531930662,0.325637197789365,0.351262695350167,0.520945948695005,0.251552002413449,10.8626044481054,-0.129341605539273,3.07094607831092,6.93143624784948e-09
"Thymine",3.18873306030673,0.927422344973893,0.318873306030673,0.213572215376123,0.333712234606746,0.251552002413449,10.8626044481054,-0.129341605539273,3.07094607831092,6.93143624784948e-09
"TMP",3.41166543550116,1.09132667825762,0.341166543550116,0.141950459736794,0.187918700106111,0.251552002413449,10.8626044481054,-0.129341605539273,3.07094607831092,6.93143624784948e-09
"Tridecanoic acid",3.33686313589715,1.04201956871099,0.333686313589715,0.0589287080648675,0.0816096226583656,0.251552002413449,10.8626044481054,-0.129341605539273,3.07094607831092,6.93143624784948e-09
"Tryptophan",3.32528484998511,1.03398334711995,0.332528484998511,0.416958793057064,0.589855567407502,0.251552002413449,10.8626044481054,-0.129341605539273,3.07094607831092,6.93143624784948e-09
"Tyrosine",3.32297309554451,1.03236413926844,0.332297309554451,0.439615517054059,0.623892802920525,0.251552002413449,10.8626044481054,-0.129341605539273,3.07094607831092,6.93143624784948e-09
"UDP",3.39113466750405,1.07820495594339,0.339113466750405,0.818841286319079,1.15339856659517,0.251552002413449,10.8626044481054,-0.129341605539273,3.07094607831092,6.93143624784948e-09
"UDP-glucose",3.13013694667006,0.871364274066787,0.313013694667006,0.26428522871323,0.440971585442736,0.251552002413449,10.8626044481054,-0.129341605539273,3.07094607831092,6.93143624784948e-09
"UDP-glucuronic acid",3.42171848074486,1.09765010439272,0.342171848074486,0.154524161937299,-1.16271312717995,0.251552002413449,10.8626044481054,-0.129341605539273,3.07094607831092,6.93143624784948e-09
"UDP-GluNAc",5.30982785042477,1.88862869408578,0.530982785042477,1.72938087282936,-0.0518036458794438,0.251552002413449,10.8626044481054,-0.129341605539273,3.07094607831092,6.93143624784948e-09
"UMP",3.34149684607928,1.04520232527973,0.334149684607928,1.47393600694558,2.53153580766004,0.251552002413449,10.8626044481054,-0.129341605539273,3.07094607831092,6.93143624784948e-09
"Undecanoic acid",3.12540524511132,0.86639888363806,0.312540524511132,0.5047127717461,0.865484064896521,0.251552002413449,10.8626044481054,-0.129341605539273,3.07094607831092,6.93143624784948e-09
"Uracil",3.2528750305537,0.980606158863737,0.32528750305537,0.0973315704828566,-0.135733878961095,0.251552002413449,10.8626044481054,-0.129341605539273,3.07094607831092,6.93143624784948e-09
"Urea",3.2807646562469,1.0018624540861,0.32807646562469,0.0819138699195638,0.11802282179533,0.251552002413449,10.8626044481054,-0.129341605539273,3.07094607831092,6.93143624784948e-09
"Ureidopropionic acid",3.5631098024669,1.18071467925573,0.35631098024669,1.2685807527827,1.73188001108573,0.251552002413449,10.8626044481054,-0.129341605539273,3.07094607831092,6.93143624784948e-09
"Uric acid",4.27661540923054,1.51119626388563,0.427661540923054,2.94990956714488,6.36450144778529,0.251552002413449,10.8626044481054,-0.129341605539273,3.07094607831092,6.93143624784948e-09
"Uridine",4.83871045955075,1.72445394921001,0.483871045955075,0.376351028417993,0.0268663911160059,0.251552002413449,10.8626044481054,-0.129341605539273,3.07094607831092,6.93143624784948e-09
"Urocanic acid",3.07689722077521,0.474919603658769,0.307689722077521,0.0032748582115904,-0.966336186213386,0.251552002413449,10.8626044481054,-0.129341605539273,3.07094607831092,6.93143624784948e-09
"UTP",7.00284870350788,2.43984056747836,0.700284870350788,2.12923713104186,-0.745488934755556,0.251552002413449,10.8626044481054,-0.129341605539273,3.07094607831092,6.93143624784948e-09
"Valine...254",3.35128943496238,1.05186809468921,0.335128943496238,0.20771154421462,0.285819023761395,0.251552002413449,10.8626044481054,-0.129341605539273,3.07094607831092,6.93143624784948e-09
"Valine...255",3.19507094078926,0.932996345158289,0.319507094078926,0.0779001635849923,0.120527308503668,0.251552002413449,10.8626044481054,-0.129341605539273,3.07094607831092,6.93143624784948e-09
"Xanthine",4.18044685997461,1.47179814645696,0.418044685997461,2.86277384915656,6.16673675930882,0.251552002413449,10.8626044481054,-0.129341605539273,3.07094607831092,6.93143624784948e-09
"Xanthosine",7.50781798974185,2.60572299066093,0.750781798974185,5.13336632001089,7.04974495862218,0.251552002413449,10.8626044481054,-0.129341605539273,3.07094607831092,6.93143624784948e-09
"Xylose",3.9859349412036,1.38836059431882,0.39859349412036,0.982319989080823,1.06686222922391,0.251552002413449,10.8626044481054,-0.129341605539273,3.07094607831092,6.93143624784948e-09
"Xylulose 5-phosphate",3.47046065219092,1.1274451380814,0.347046065219092,0.87738822399396,1.18515802453032,0.251552002413449,10.8626044481054,-0.129341605539273,3.07094607831092,6.93143624784948e-09
