"","T50","M50","rate","range","FC","cv.crit","degF","spar","pen.crit","lambda","anova.p","kw.p","SidakP.t0.5","SidakP.t1","SidakP.t3","SidakP.t10","anova.FDR","kw.FDR","scaled_T50","tp.designation"
"1-Methylnicotinamide",5.21708277639016,1.32550023756208,0.521708277639016,2.14505247786067,3.24478657410506,5.57604496009791,3.31449295523427,0.505164861557196,115.858493004607,0.000266044772603853,0.0000396664602894104,0.00185933223572312,0.0923562415097612,0.096873112285272,0.0120718253158279,0.00000488262247361245,0.0076159603755668,0.355132457023116,-1.61383622178439,"t3"
"1-Octadecanol",3.06116124239015,0.965142175722111,0.306116124239015,-0.158833111708831,-0.0883609463143333,17.2360462455971,2.00000051825277,1.49999995004107,398.982535439508,4095.99659584295,0.573242523169675,0.559863966832281,0.755916017313979,0.565138807374492,0.481644442977683,0.936318679184629,1,1,0.249465439252733,NA
"2-Hydroxybutyrate",3.05822042181222,0.888158805144122,0.305822042181222,0.0423002319058244,-0.0467344067102712,16.5334184316404,2.00000045673191,1.49999995130651,399.16394525426,4095.99668206858,0.520266947953249,0.489963494516203,0.750706665354426,0.998893015392522,0.926771893116333,0.987344822774673,1,1,0.252007106832577,NA
"2-Hydroxyglutarate",3.02506560186092,0.965226086687848,0.302506560186092,0.316934056795881,0.478038307289167,14.0820057676102,2.00000055158101,1.49999995139258,339.979839107194,4095.99668793341,0.136432644788063,0.100476467229758,0.776188085451052,0.566418869630163,0.163410983712773,0.0695561283235588,1,1,0.280661874695132,NA
"2-Methylcitric acid",3.77990904863669,1.1095581014449,0.377990904863669,0.669054111738448,0.89782981308829,8.12829752081131,2.00000073985249,1.49999995099293,196.240314691211,4095.99666070194,0.00180342138511631,0.006136584570742,0.990950496236189,0.906066155631348,0.0589126495939876,0.00133893173438564,0.293957685773959,1,-0.371727846368002,"t10"
"2-Oxoadipate",2.88816135644153,1.04402110282018,0.288816135644153,0.186495600881814,-0.059370441574814,16.1237311845,2.00000036744587,1.49999995570118,373.234507188244,4095.99698151749,0.453215129762359,0.798295701244143,0.637126545447404,0.999997535217707,0.99625022558022,0.982868142900433,1,1,0.398984320048549,NA
"2-Oxobutanoate",2.47426202551993,1.41704358053042,0.247426202551993,-1.03462306407244,-1.10428535399546,13.5683263350858,2.17879789410048,0.718011610627254,323.088249249479,0.00917725655653817,0.0152182027065373,0.0851588658193779,0.146287485737282,0.120532133781544,0.0734859449467413,0.00321252378294632,1,1,0.756705739240228,"t10"
"3-Hydroxypropionic acid",5.88169888306687,1.39984182743472,0.588169888306687,2.1011160910567,2.81054563568666,2.89190043778323,3.39563479503281,0.509025248513239,59.6766208657,0.000283690599157492,7.67819065148458e-10,0.000362943007230181,0.822358839488924,0.998941183725103,0.000124811133001467,0.00000000599588012938459,0.000000180437480309888,0.0776698035472588,-2.18824501913292,"t3"
"3-Methylhistamine",2.93437894788434,0.920920226451814,0.293437894788434,0.530747403690311,0.845770646911507,13.6447193869272,2.00000057520368,1.49999995352796,329.422496337185,4095.99683343606,0.0320840389964524,0.0703348501508912,0.458487684644595,0.639719902603627,0.0224280358362536,0.0283845224734579,1,1,0.35903977032983,"t3"
"3-Phosphoglycerate",2.77022607746251,1.11495555661371,0.277022607746251,-0.790395270822219,-0.837531385644814,15.4591291267354,2.00000054757283,1.49999995796141,373.227530339043,4095.99713552732,0.00284356553569333,0.0131174328006942,0.011384125874944,0.00147564412917756,0.127245462215362,0.00668114711532018,0.454970485710933,1,0.500912427241195,"t0.5"
"4-Guanidinobutanoic acid",3.05893468692431,0.667101249199124,0.305893468692431,0.38889889988849,0.86615794930611,15.8604534657897,2.00000048349715,1.49999995337413,382.916648004024,4095.99682295433,0.878292445961539,0.870911088541201,0.972475753794753,0.944560228188084,0.871038471596424,0.796946410559613,1,1,0.251389787812019,NA
"4-Hydroxyphenyl pyruvic acid",3.53810327157357,0.907076575518257,0.353810327157357,0.692308321857104,0.793191913824631,15.6184810471751,2.69483313203722,0.616265517737584,357.189903610377,0.00168898522811232,0.0335016459987392,0.0398508131910464,0.0155791059340442,0.380476459106822,0.0505468210785453,0.0870607951146965,1,1,-0.162741990925421,"t0.5"
"4-Hydroxyproline",3.82628165338627,1.03967954386721,0.382628165338627,0.423345984880113,0.595774200987836,11.2649025454133,2.00000060150125,1.49999995568912,271.966920298394,4095.99698069591,0.026196015127667,0.0339352209345799,0.81315821879099,0.914262103422749,0.725499696358952,0.146462243003952,1,1,-0.411806369678731,NA
"5-Aminopentanoic acid",3.11865057246804,0.973778807108351,0.311865057246804,0.333953790188684,0.499703457219552,11.1991543561371,2.00000059699532,1.49999996786365,259.23967178865,4095.99781025711,0.136652607702369,0.107132589473998,0.976745657625145,0.946754331217457,0.409984243595258,0.0717318173938014,1,1,0.199779046433366,NA
"5-Methylthioadenosine",3.20460555315693,1.15932796470766,0.320460555315693,0.406025683707038,0.510529661321179,8.79973021243502,2.0000006190362,1.49999994960528,212.450619297993,4095.99656614821,0.000514124616060373,0.00616451554815741,0.421045119498645,0.220996305408225,0.00459944823710315,0.000163294277493272,0.0889435585784445,1,0.1254906014384,"t3"
"6-Phosphogluconic acid",4.40109641285183,1.38854981134277,0.440109641285183,1.11929639367798,1.23286753744676,6.13228679821445,2.00000051329745,1.49999995542058,148.050918282616,4095.9969623977,0.00000625607524106715,0.000648308078789229,0.867192293441442,0.750749065298362,0.0246002484560926,0.00014493144448654,0.00126372719869557,0.132903156151792,-0.908602416849168,"t3"
"Acetoacetic acid",2.01661379274449,1.36098836075384,0.201661379274449,-1.09086595973559,-1.22501225372566,12.1585930154233,2.79970142861759,0.594684469401298,275.763424002774,0.00117952954047204,0.00573424893006677,0.0439078862790472,0.131377903888939,0.100042960563611,0.117251803759507,0.000887942922033855,0.883074335230282,1,1.15223808995572,"t10"
"Acetoacetyl-CoA",4.22829281560069,1.94260669586025,0.422829281560069,3.52054676805748,4.34399776039747,5.20994026591115,2.3934666378462,0.667185260088718,122.004622946165,0.00394009530515537,0.0000000615729003273255,0.000187926865479333,0.00183824314750779,0.000194143856705666,0.00000104234192067248,0.0000000127201412836622,0.0000134844651716843,0.0424714715983293,-0.759253182791543,"t0.5"
"Acetoin",4.23078216393041,1.16618475146246,0.423078216393041,1.08026933551223,1.44653775945752,6.55414616752402,2.00000044324553,1.49999995781315,158.235809220759,4095.99712542561,0.000735619816073681,0.00944152698072196,0.998390213725631,0.998380183014336,0.3606713250442,0.000927791155738303,0.123584129100378,1,-0.761404655748478,"t10"
"Acetyl-CoA",5.6241308696799,1.80276533340605,0.56241308696799,1.58979640168696,1.3659091154964,3.3642257875798,4.77838699094778,0.404300021841963,64.79058042067,0.0000496860550028252,0.0000248206484656049,0.00277556067187233,0.998541236951775,0.994422283643933,0.125200017522364,0.0000241047892479907,0.00486484709925855,0.510703163624509,-1.96563631116035,"t10"
"Aconitic acid",1.69300577723284,0.966203126677631,0.169300577723284,-1.19809055108293,-2.09191927319075,3.85189394475305,3.8623501837581,0.492995292423369,80.1505034116661,0.000217286628770121,6.36021096300087e-10,0.0000879152440232606,0.16683260767503,0.0916761255004162,0.00000178772748126509,3.70418001931615e-10,0.000000150100978726821,0.0213634042976523,1.43192329339123,"t3"
"Adenine",3.63701588258256,1.00011259466401,0.363701588258256,0.454137042337987,0.666725613720261,5.66225136073891,2.00000045046091,1.4999999523371,136.702920972397,4095.99675229241,0.00000117429883476819,0.000483442816974039,0.682142721017427,0.240120766775061,0.000170161845195165,0.000000882273972594551,0.000241905559962248,0.101039548747574,-0.24822934725263,"t3"
"Adenosine",3.45391963489006,1.13837730620156,0.345391963489006,1.58727430829417,2.48652464720189,4.38938628664485,2.00000052852916,1.49999995016686,105.972321754862,4095.99660441394,4.78068640523176e-13,0.0000743530087379928,0.0000372232343357275,0.0000059198235185265,9.40549094853587e-12,3.46143262303747e-13,1.18082954209224e-10,0.0182908401495462,-0.0899844681720268,"t0.5"
"Adenylosuccinic acid",4.60936082230139,1.09912903065404,0.460936082230139,1.99637265649997,4.37693528516382,8.63704468534264,3.59949976624075,0.486649615172175,183.655777444424,0.000195518231880468,0.00000331398907179366,0.000429875771514054,0.0919265790125937,0.0141907492342423,0.00000598675106819375,0.00000438098957240067,0.000672739781574113,0.0911336635609794,-1.08859942227927,"t1"
"Adonitol",2.82659210826267,0.742552114872343,0.282659210826267,0.514219788895804,1.00485693023735,15.0192825268595,2.00000049860753,1.49999995174731,362.608378526543,4095.99671210421,0.0186660965086874,0.01559412657869,0.0641023336165156,0.127056826363689,0.0107216856854247,0.0163865391102093,1,1,0.452196870037618,"t3"
"ADP",2.98375223938002,0.948912656654258,0.298375223938002,0.498055110580801,0.775365903929343,11.7390267529612,2.00000066767732,1.49999995094049,283.413631336854,4095.99665712861,0.0073920100865707,0.0247913545339272,0.71328797875638,0.504888612116423,0.00874232177383759,0.00747286858027438,1,1,0.316367838812879,"t3"
"Alanine",4.32916848244083,1.26664029854319,0.432916848244083,1.25380545380798,1.56553608277833,6.01643992369803,2.0000004953083,1.49999995465401,145.254044052152,4095.99691016408,0.0000123013411241293,0.00108630058574516,0.699614892811577,0.910414206654899,0.0394071889097805,0.000253596536101224,0.0024356655425776,0.212914914806052,-0.846437152438489,"t3"
"ALCAR",3.02784409159247,0.938422247703627,0.302784409159247,0.00605176291187515,-0.0458260072928553,16.448528438877,2.00000053861941,1.49999995602869,397.114455856681,4095.99700383392,0.986228164857199,0.963989709957271,0.999690629822553,0.999575829946146,0.997449965712062,0.999508820487366,1,1,0.278260505048638,NA
"Allantoin",4.59938312162319,1.16071267367057,0.459938312162319,0.574083797599021,0.728655416474582,5.11004523357614,2.000000462395,1.49999995763003,123.3710876796,4095.99711294799,0.00000321806017884125,0.00140825279572648,0.999294295913497,0.978495169061125,0.108399496516543,0.0000109593387761285,0.000656484276483616,0.273201042370937,-1.07997597937849,"t10"
"Alpha-KMV",0.447918141730943,0.9314226368106,0.0447918141730943,-1.1006389250865,-1.95904083533559,7.56302789194278,3.82415365470438,0.493299828990236,157.870521725436,0.000218390223739741,0.00000000198605299031978,0.000129704232318893,0.000727559464588403,0.0000547570076236026,0.0000000145627923646869,9.14078681083728e-10,0.000000460764293754188,0.0304925281977381,2.50801712277243,"t0.5"
"alpha-Ketoglutarate",0.607740745309794,1.30655504484889,0.0607740745309794,-1.6345262506873,-2.1178928932472,10.6804038962354,3.0216265860623,0.551470295802328,237.989585598874,0.000574775862971401,0.0000522197434783979,0.00215129714891621,0.0370880351862411,0.00909539720621795,0.000127714752160435,0.0000190506582849513,0.00997397100437401,0.402292566847331,2.36988699232782,"t0.5"
"Alpha-KIC",0.447918141730943,0.9314226368106,0.0447918141730943,-1.1006389250865,-1.95904083533559,7.56302789194278,3.82415365470438,0.493299828990236,157.870521725436,0.000218390223739741,0.00000000198605299031978,0.000129704232318893,0.000727559464588403,0.0000547570076236026,0.0000000145627923646869,9.14078681083728e-10,0.000000460764293754188,0.0304925281977381,2.50801712277243,"t0.5"
"alpha-Ketoisovalerate (KIV)",0.102734914616464,1.099254523705,0.0102734914616464,-1.68746802303582,-2.92676637335943,5.89936314795827,4.2691650682753,0.453050998453813,118.651473637449,0.000111801251862876,7.52743395722912e-13,0.0000858035234805038,0.0000365092811231548,0.00000335528072805153,9.88101508767952e-12,5.88563095646438e-13,1.84422131952113e-10,0.0209360597292429,2.80634916793329,"t0.5"
"Aminoadipate",2.92004019610211,0.673251368888259,0.292004019610211,0.621227728410775,1.25667297722823,15.7258555446956,2.00000047485262,1.49999995550929,379.667069996648,4095.99696844246,0.0213819449257963,0.0207785315628677,0.0565953122553347,0.0865209716762544,0.00875997769720642,0.0401328331873712,1,1,0.371432345658613,"t3"
"Aminoisobutyric acid",2.31494021498065,0.946392830463457,0.231494021498065,-0.130948955959297,-0.0313040324345229,14.4461918924844,3.06717669496951,0.560116290355112,320.729026890781,0.000663687152924531,0.911980705092419,0.711401858238151,0.871929893984947,0.917025123880448,0.997062042833056,0.981865749792974,1,1,0.894403048504762,NA
"Aminolevulinic acid",3.35979162553545,0.954874415147642,0.335979162553545,0.0478439279094411,0.0188763168188378,16.1176158276115,2.29435209400128,0.686632397362398,380.364413362823,0.00544511236781247,0.671596588514315,0.682922380823671,0.915024509725014,0.965751328737093,0.974645065243452,0.996235220969697,1,1,-0.00863230696644652,NA
"AMP",3.85600020945498,1.05754838853641,0.385600020945498,1.56870022008761,2.75317326318865,6.43186392926699,4.16500211366237,0.465240507826247,130.499561441783,0.000136934366623602,0.0000000825385540615569,0.000183562845997689,0.0226284500719937,0.0049994264400464,0.00000036979229756435,0.000000080066184424853,0.0000179934047854194,0.0416687660414753,-0.437491272405085,"t0.5"
"Anserine",4.45285908605959,1.12371106943928,0.445285908605959,0.457590486581503,0.595811430659067,4.4894104651901,4.34374691608795,0.433637075174182,89.7270106175627,0.0000809443441757447,0.00000021629578137314,0.000171103560783668,0.154914323094464,0.763429463657421,0.0185812356283074,0.0000193993201945947,0.0000460710014324788,0.0390116118586762,-0.953339423018773,"t3"
"Anthranilic acid",3.47072101355427,1.5812280803476,0.347072101355427,0.139285745906277,-0.244347650587785,15.4737559664321,2.77525849995579,0.604376733778301,351.634242690222,0.00138590262461689,0.914927777355654,0.840505207519807,0.931788188063587,0.995909717678778,0.978047408810113,0.999906660005896,1,1,-0.104505421870492,NA
"Arachidic acid (Eicosanoic acid)",2.60229528212209,0.988929436161931,0.260229528212209,0.104151348464192,0.0660822888519822,16.1927153990979,2.77505485146741,0.610147817456236,351.950448868423,0.00152555257854365,0.809497294444595,0.741597991389708,0.923269212709825,0.999967911543459,0.827771871244866,0.997988475956236,1,1,0.646050237204321,NA
"Arachidonate",3.15521669249653,0.921279199265763,0.315521669249653,0.0586372174815465,0.0552140022693189,16.9203095293469,2.00000056851263,1.49999995450348,391.673813884123,4095.99689990735,0.961285924479417,0.906042679046611,0.927432908499506,0.998863541576344,0.999688976973431,0.986498582159335,1,1,0.168175988941592,NA
"Arginine",3.9749755181074,0.922763850660418,0.39749755181074,0.208221774103729,0.326936295101922,14.3535876252394,2.0000005227514,1.49999995834446,332.258958911361,4095.99716162815,0.018818013872263,0.0280915239651311,0.995991064278808,0.402801804098793,0.244300725139722,0.461136330235834,1,1,-0.54031824766293,NA
"Argininosuccinic acid",2.33557870113278,1.18934792828587,0.233557870113278,-0.962264239554367,-1.14623506447058,13.9891078394663,2.00000063450283,1.49999995521788,337.73701564002,4095.99694858609,0.000165752226625831,0.00730764403408292,0.00577588656867301,0.00100256335276935,0.000132010862112301,0.000217139274511428,0.0298354007926495,1,0.876565791943202,"t0.5"
"Asparagine",4.11078619780895,1.08603314475923,0.411078619780895,0.391903429232492,0.526369989520995,9.86629330418967,2.0000004574261,1.4999999595295,238.200501391108,4095.99724237583,0.00805531946025889,0.0211039166600372,0.872579702978101,0.958947420802171,0.873441246927736,0.0300715910346261,1,1,-0.657695555270666,"t10"
"Aspartate",0.987556643672297,0.96794095162348,0.0987556643672297,-0.769493281834334,-1.21378013204258,4.73217920825003,4.53771090727348,0.437987495291339,88.4311847836423,0.0000870195985597349,0.000109857545793328,0.00291381002145625,0.170962206196466,0.194548443927693,0.00679535441833232,0.0000179755845811563,0.0203236459717657,0.530313423905038,2.04162291446313,"t3"
"ATP",0.696597706069692,1.0452940872001,0.0696597706069692,-0.837207950442855,-1.22399096066463,5.36020960963258,3.84396968840022,0.480203287084595,111.705581440619,0.00017563632701106,0.000000519360908131806,0.000303079704651351,0.00679171896309626,0.00322207156186676,0.0000250879310232724,0.0000000732609465462593,0.000108546429799547,0.0657682959093432,2.2930904484984,"t0.5"
"Azelaic acid",3.9094245418491,0.618784416648506,0.39094245418491,0.287720645557614,0.683314218200309,10.0850250713869,2.00000049039155,1.49999994968846,243.481310395919,4095.99657181615,0.0182779204170114,0.0384430202724953,0.999989112197554,0.997658509487643,0.837325974680892,0.0199577476340719,1,1,-0.483664403346951,"t10"
"beta-Alanine",4.18471735029734,1.10276737104716,0.418471735029734,0.363122269492578,0.479418179571433,9.62323859653504,2.00000050965047,1.4999999562482,232.33246557944,4095.99701879104,0.00852703839446868,0.0357326057268016,0.924637144953648,0.961591217282851,0.912779018759372,0.0264385669734964,1,1,-0.72159214754526,"t10"
"beta-Estradiol",2.98946576530632,0.886362397000092,0.298946576530632,0.00819713311809955,-0.178542509795111,16.1087800968045,2.00000053504041,1.49999996895923,388.91196061642,4095.99788490944,0.9739815104457,0.908373462252923,0.999999999546393,0.999974471441132,0.999978261074528,0.979865766631941,1,1,0.311429800864393,NA
"beta-Hydroxy beta-Methylbutyric acid (HMB)",2.99803415226749,0.969268168979079,0.299803415226749,-0.104124810552235,-0.00333736268605785,16.0625696748921,2.00000046255535,1.49999996753494,387.796311209857,4095.99778785959,0.480294787098303,0.494547018008838,0.54759898726866,0.614099384424086,0.998880792501006,0.999944819403403,1,1,0.304024387724178,NA
"beta-Hydroxybutyrate (3-Hydroxybutyrate)",2.90187094569898,0.859551359739989,0.290187094569898,0.393215420387305,0.671868986788161,15.7246958605055,2.00000065584646,1.49999994892748,379.639066622372,4095.99651996359,0.407060027636876,0.412376321562352,0.414385971118322,0.452894161657929,0.589109548421206,0.316037252220123,1,1,0.387135511994692,NA
"Betaine",2.67400482309794,0.932996345158289,0.267400482309794,0.0779001635849923,0.120527308503668,15.7186732362827,2.67721412051842,0.620977340487583,359.982028602294,0.00182670093391323,0.990505259180841,0.97998627410129,0.999665999028871,0.999750817016327,0.999999999935295,0.995302040415123,1,1,0.584073720570803,NA
"Butyryl-CoA",3.08524293315496,2.04901069263477,0.308524293315496,3.63239639647959,4.05330599424915,0.0675503622814296,15.8692330730954,-0.029384939565787,0.355014562781193,0.0000000365579762647452,4.38879799082205e-17,0.0000392022368502392,0.00000000114669009180577,7.02985364773461e-11,4.05488483522993e-15,8.73373795936412e-18,1.11036589167798e-14,0.00995736815996075,0.22865231887937,"t0.5"
"cAMP",3.17517966948936,1.01308887078261,0.317517966948936,-0.25521591943577,-0.0423242853789294,15.9308710461823,2.19934481824584,0.712911605119042,378.741556821674,0.00843076068477742,0.0288600224059973,0.0216466408739697,0.284207758993244,0.0996138353609319,0.0395319416798412,0.999159848763587,1,1,0.150922555732928,"t3"
"Capric acid",3.62389639329346,1.11614479811091,0.362389639329346,0.12887311744137,0.166762931176196,13.0315724008733,2.00000062387794,1.49999994913905,314.619375722307,4095.99653438024,0.185398012369169,0.245018782393443,0.985919553248993,0.998545495035487,0.948231151090345,0.26465680871155,1,1,-0.236890545817231,NA
"Caproic acid",3.38203046061571,1.08523068257018,0.338203046061571,0.0841796941339685,0.105314690036713,14.7927758912558,2.00000061305619,1.49999995595043,357.139858246828,4095.99699850101,0.156118746647338,0.1606481230801,0.58051784771011,0.81712082908338,0.908106841222355,0.895231689045677,1,1,-0.0278526995879188,NA
"Caprylic acid",3.13905269094004,1.07449910542202,0.313905269094004,0.00377366233309773,0.00506677902512184,16.3098337379261,2.00000054933568,1.49999996069905,393.765969319293,4095.99732206768,0.871746018548079,0.867942790908127,0.882799350686365,0.982538845875315,0.999999903948905,0.999959952037937,1,1,0.18214607573475,NA
"CAR(10:0)",2.94166179028914,0.820303597620244,0.294166179028914,0.51995946408174,0.947076895716809,12.272329405005,2.00000081766321,1.4999999583234,296.289076999376,4095.99716019348,0.0192870437641996,0.0351694661641537,0.173622910536504,0.182265752680319,0.0606636562841322,0.0045458961089405,1,1,0.352745416784988,"t10"
"CAR(12:0)",2.77340861436124,0.77386680673921,0.277340861436124,0.150515221564242,-0.0340218427651598,15.9624781937402,2.40262903329706,0.667109316004258,373.536470213625,0.00393512064895379,0.666520169977885,0.572186843054434,0.804389259661334,0.959831584334217,0.933004835884585,0.994142999162526,1,1,0.498161851120406,NA
"CAR(14:0)",2.89273917627722,0.81029966688363,0.289273917627722,0.238911198110023,0.320338537022105,13.7934937519798,2.00000037290902,1.49999994881436,319.29382732598,4095.99651225589,0.183949461503767,0.251312731702065,0.98940377076667,0.954530051906046,0.128798012339413,0.371491236454746,1,1,0.395027840571332,NA
"CAR(16:0)",3.64142973468774,1.1859731581435,0.364142973468774,0.714924098527026,0.897551973952381,9.25780888074009,2.00000043513894,1.49999989034893,223.509949782206,4095.99252847713,0.00166325900255061,0.012123836703321,0.999998592851889,0.931823301086375,0.0565732282634679,0.00229294364356862,0.272774476418301,1,-0.252044114084101,"t10"
"CAR(18:0)",3.50160761532618,1.28085561783084,0.350160761532618,0.84160444839255,0.984442845953473,9.37878647990771,2.00000050527566,1.49999995418519,226.430693357009,4095.9968782191,0.00303367599563709,0.0173439403791224,0.927873389857971,0.470187650742853,0.0629339781466385,0.00112824223637885,0.479320807310661,1,-0.131199833275449,"t10"
"CAR(18:1)",4.06192198960967,1.48468548844521,0.406192198960967,0.740876858557797,0.735446405303569,11.4592640752319,2.22222900900756,0.696132743330937,271.950222579923,0.00637740774730325,0.00963185605903077,0.0156636145256951,0.506528095961793,0.838906702087815,0.881308980910796,0.108694969670081,1,1,-0.615463609966955,NA
"CAR(20:4)",3.59368903878986,1.42129770482641,0.359368903878986,0.660031949143787,0.682413906886856,10.0411014539448,3.73233973174202,0.469834030610277,211.192813924154,0.0001478084874486,0.024684350104923,0.0401547376603775,0.999944899930096,0.963293254045172,0.240626610938145,0.095816497432557,1,1,-0.210783188506471,NA
"CAR(3:0)",4.00512339413642,1.12420447718266,0.400512339413642,0.829003603804594,1.11643121463098,7.72150318896531,2.32008376715246,0.674052961531008,181.857421592172,0.00441696488025569,0.000258932978578866,0.0020818902363505,0.390920836061111,0.867660784111822,0.0461248370479247,0.0000771155553109482,0.046349003165617,0.391395364433893,-0.566374199419845,"t3"
"CAR(4:0)",6.10457698437256,1.13700313905397,0.610457698437256,1.1210735995616,1.558137243506,4.55719924283555,6.34194292830315,0.30803634108165,76.3447140544947,0.0000100174316101135,0.000120324601224301,0.00197688462710879,0.254616357582658,0.303743192083054,0.0237900894885344,0.000019424940704472,0.0221397266252714,0.373631194523561,-2.38087222277756,"t3"
"CAR(5:0)",4.28901618549303,1.07870223801705,0.428901618549303,0.655294652005631,0.904964940349031,7.12612949544156,2.00000046916115,1.49999994912289,172.045120180955,4095.9965332788,0.000344419718271759,0.0140314978905036,0.954278756311698,0.999999258283165,0.506132935136763,0.000258621147821565,0.0606178704158296,1,-0.811734664236853,"t10"
"CAR(6:0)",7.60187463185543,1.34893877256485,0.760187463185543,1.21055119242002,1.39386749160141,1.86257628194452,5.95116776222143,0.307640676719042,32.3390474187113,0.00000995171252241352,0.000000003646857137501,0.000433068565960679,0.109364071081813,0.0715513334033298,0.999805541369023,0.000000479258027113298,0.00000083513028448773,0.0913774674177033,-3.67494399191357,"t10"
"CAR(8:0)",4.29083901886497,1.02728854131983,0.429083901886497,0.754427235246416,1.11138093299261,6.44876680289704,2.00000047081955,1.4999999545763,155.691650031275,4095.99690486929,0.000261332235162575,0.0126406600694441,0.891656058298043,0.818246646106353,0.383617966001455,0.0000926546010630537,0.0465171378589383,1,-0.813310087273441,"t10"
"CAR(DC5:0)",2.80574842119137,0.969090451001267,0.280574842119137,0.138696840617828,0.201857907732845,14.7575365663933,2.43255129204709,0.66722611173682,344.532839451683,0.00394277386029553,0.423498197538623,0.525408469805999,0.999999999730896,0.998890332978075,0.597048019752539,0.691693437989598,1,1,0.470211475917093,NA
"Carnitine",3.15302200997345,1.03244083818428,0.315302200997345,0.286050066155197,0.402302705044218,13.5975731965044,2.00000065484972,1.49999995568735,328.284250636068,4095.99698057493,0.113226871022481,0.222781858360302,0.999999606233432,0.99688011119368,0.203007244990858,0.206058962527186,1,1,0.170072790623007,NA
"Carnosine",2.97689504364985,0.940689630585087,0.297689504364985,-0.35811720048085,-0.0385762137358815,16.2073426488175,2.00000054255222,1.49999995303876,391.291541905266,4095.99680010265,0.706082206882592,0.637417505833387,0.700002776513798,0.985320198518433,0.999989482075723,0.999986845532891,1,1,0.322294318043495,NA
"CDP",3.07362467146477,0.908377568314942,0.307362467146477,0.281939198455038,0.0311558511161533,16.1253195992755,2.0000005033941,1.49999994931027,389.311272393069,4095.99654604672,0.25765464825149,0.263602745976474,0.572230649470455,0.372435895916129,0.336733027396501,0.999806736235317,1,1,0.238693652000404,NA
"CDP-Ethanolamine",3.78885384878684,1.28018384389407,0.378885384878684,1.6816644616465,2.27130765889303,3.56618500214561,4.20391878264656,0.437606509554689,72.1201668726812,0.0000864698210568784,0.000000187901810957172,0.000259356646793557,0.557228152723821,0.799218550770104,0.0000257292298337254,0.00000043871677134516,0.0000402109875448347,0.0570584622945826,-0.379458582721149,"t3"
"CDP-Ribitol",3.21866238186229,1.06769624969491,0.321866238186229,0.0618833411929598,0.0543793640981171,15.5757745360965,2.1793206880303,0.72287697372422,370.874478287804,0.00995093199905876,0.357457802317403,0.223269741972799,0.831965338276896,0.722562209846639,0.951255931450884,0.996413178106489,1,1,0.113341684206236,NA
"Cholesterol",3.18137009257434,1.00289794352307,0.318137009257434,0.0510233041735557,0.0619182919587486,15.7677106246128,2.00000050072143,1.4999999540762,380.677570417366,4095.99687079266,0.580891276172604,0.800535619204975,0.924864801482226,0.999421542218237,0.891906707244552,0.959008778922612,1,1,0.145572349134564,NA
"Choline",3.53454795522769,1.06649263203134,0.353454795522769,1.35082923383164,2.15513946627217,4.79183500136453,2.00000054858115,1.4999999555035,115.688583008196,4095.99696804787,1.45751345121772e-10,0.000102083919792634,0.00219832837634517,0.00111928610058368,0.0000000035402971610994,1.1003865022817e-10,0.0000000349803228292252,0.0245001407502322,-0.15966923213141,"t0.5"
"Cinnamate",2.03330030834613,1.17740291272862,0.203330030834613,0.0495342313214582,-0.434221141574985,10.9372882839171,2.08264891069109,0.778698136486292,262.381283313098,0.0251858158523767,0.0223141414541238,0.0479665940830938,0.993837136729582,0.997953049471272,0.753374115616995,0.0359460117684866,1,1,1.13781640913518,"t10"
"Citicoline",4.77052366813243,1.33521490372013,0.477052366813243,1.81552861343652,2.39158665460768,5.35112931452732,3.12102690107997,0.543981848409701,118.291166871184,0.000507453891473439,0.0000000360917640966322,0.000355371635613655,0.878933670274148,0.602269381711717,0.00000835544158423122,0.000000126168963165136,0.00000797627986535572,0.0764049016569359,-1.22788788598198,"t3"
"Citraconate",2.50904864734697,1.09172806531546,0.250904864734697,-0.368712430457922,-0.420180880802343,15.0687438475015,2.32355786796278,0.682656846426451,339.843033898551,0.00509664758295323,0.0126216531853784,0.0316929217353127,0.316790389854684,0.0340640084354564,0.0101420448995399,0.0140424652162847,1,1,0.726640651429757,"t1"
"Citrate",1.5488039962938,1.03068445656602,0.15488039962938,-1.0326671685313,-1.58866526432349,4.88669776178453,3.74259210973873,0.492729821427032,102.694274162956,0.000216329152188744,0.0000000301568718824062,0.000230775803739609,0.183257456992242,0.0666558381955244,0.00000675865226483114,0.0000000161731474902813,0.00000672498242977658,0.0512322284301932,1.55655279113074,"t3"
"Citrulline",2.44958026292142,1.06815083684888,0.244958026292142,-0.571110142084827,-0.789995884258868,14.1449186648092,2.00000055058143,1.4999999535601,341.498736158524,4095.99683562609,0.0130510182330195,0.0240916449440058,0.099094096130762,0.058134727038105,0.0134673002245177,0.00635419915482558,1,1,0.778037484631629,"t3"
"CMP",3.96019787737624,1.03645652416492,0.396019787737624,0.972581851961954,1.20280608963974,11.9197481026522,3.09622087848622,0.549930502441452,264.021660391062,0.000560239784692684,0.000634687749052227,0.00353781934820707,0.473886497445284,0.263702345564102,0.000383018809641409,0.00204541479969502,0.108531605087931,0.636807482677272,-0.527546353098889,"t3"
"CoA",3.24841583653343,0.990064831804205,0.324841583653343,0.0488263826056813,-0.00328921832484359,16.1277366991017,2.00000071302857,1.4999999513331,389.369621807743,4095.99668388038,0.384673934021434,0.386631754076045,0.745049573104336,0.642789592979108,0.98411979006233,0.999999999869302,1,1,0.0876266196104197,NA
"Creatine",3.15299732303661,0.953890922955833,0.315299732303661,0.297857423199064,0.454203895210869,10.7720400071104,2.00000052785134,1.49999995251464,260.067812469027,4095.99676438982,0.00905010386909289,0.0139098695447455,0.667565782095716,0.524736429600956,0.0360203720547494,0.00340026088045488,1,1,0.170094126840351,"t3"
"Creatinine",3.13876514044191,1.0409592990194,0.313876514044191,0.26727777191209,0.372483291407556,12.8142159727747,2.00000055087529,1.49999995571038,309.371772518782,4095.99698214414,0.0436302289407184,0.0625689424599606,0.999816948199077,0.907021171727551,0.103839732099909,0.0601782916103256,1,1,0.18239459745149,NA
"CTP",0.759255295821388,1.06963442539345,0.0759255295821388,-1.40483262294507,-2.27071078129015,1.76211459971092,5.50689365883869,0.380092918035502,31.8401416458561,0.0000332158194606627,4.98832967370101e-11,0.0000844301660507878,0.00581483635138683,0.00219828494424697,0.000000346772333422528,9.55753234323829e-12,0.0000000120218745136194,0.020685390682443,2.2389372758436,"t0.5"
"Cystathionine",2.59797709835524,0.975402705996367,0.259797709835524,0.307176005255989,0.458148565457734,10.5339782921917,6.30651702347122,0.310398493397644,177.04878812247,0.0000104189097224932,0.627868463212219,0.449704130035255,0.987207646468086,0.877861724915454,0.557531505420159,0.602727700845962,1,1,0.649782320612062,NA
"Cysteine",2.99074118835137,1.04578831403744,0.299074118835137,0.00355807547830289,-0.0872791786103668,16.4472241359986,2.02116252438969,0.869369385501868,396.436839757307,0.113823097606388,0.976966805623417,0.984634425882542,0.994079652351257,0.989142509158427,0.999672094448003,0.957854895399456,1,1,0.310327489003373,NA
"Cysteinesulfinic acid",2.18986198049033,0.641207720299934,0.218986198049033,0.169396416345573,-0.473778285106114,12.6319084359407,2.56009661234699,0.645712268209911,291.972435777791,0.00275657856798491,0.0341467701218445,0.13193316035615,0.506552926149087,0.549324020997708,0.997950267698657,0.371285513769764,1,1,1.00250460897899,NA
"Cystine",2.78949475782422,0.911281392844026,0.278949475782422,-0.488135051880098,-0.79210743744049,8.45857082365514,3.21462068285732,0.552457188266863,177.236591467251,0.000584290121451494,0.000580801413048942,0.00372073124837902,0.999542039704807,0.996537678099216,0.0711989877978865,0.00107179090876595,0.0998978430444179,0.662290162211465,0.484259054862962,"t10"
"Cytidine",2.46455719434056,1.02124433296802,0.246455719434056,0.448555736872102,0.644159814220544,7.57583318537591,3.33604082646195,0.546284806083108,164.587920276577,0.000527272123889199,0.0116030584809643,0.00854312798952762,0.947386586779637,0.903681988663186,0.114701054319525,0.0060835433002164,1,1,0.765093348794392,"t10"
"Cytosine",3.03748884145242,1.05036733946882,0.303748884145242,0.3786142845583,0.0725787189652496,16.3913114803959,2.00000047340614,1.49999995860155,395.733077044313,4095.99717914614,0.428791754567517,0.34079874776546,0.962680750312552,0.471123654262371,0.542665278410642,0.999986363622601,1,1,0.269924822069955,NA
"Deoxyuridine",3.0666305159477,1.14931293371875,0.30666305159477,0.117377908288701,0.0469353357605804,16.5038686450766,2.00000057518114,1.49999995484455,398.450525373239,4095.99692314738,0.99688180726012,0.983472717961141,0.999990862104451,0.999944535837691,0.997795524659278,0.99994757251735,1,1,0.244738501679294,NA
"Dihydroxyacetone phosphate (DHAP)",5.38897650453418,1.53432418176428,0.538897650453418,1.51539565486099,1.56132832752273,4.69297214230274,3.35778667266352,0.528214247633854,101.776935644067,0.000390373284078567,0.00000000693708934993482,0.000116254665255892,0.0187647639207142,0.00712130080844869,0.162144567950771,0.0000129430481877685,0.00000158165637178514,0.0277848649961581,-1.7623990818521,"t0.5"
"Dihydrobiopterin",3.3091851003329,1.07925073945257,0.33091851003329,0.176874580440172,0.236969525084236,12.8915394841524,2.0000005408052,1.49999995464301,311.238583169744,4095.99690941453,0.0963348754937251,0.0752164084618082,0.99999999996331,0.999023896364611,0.284405487645409,0.137087255637241,1,1,0.0351054733665291,NA
"Dihydrouracil",8.45226596764393,1.17960853524292,0.845226596764393,1.7439340041878,2.73741008143921,1.86556073104808,7.70357304488134,0.215132919665286,27.4467255980856,0.00000213577347747824,0.0000102550656346762,0.00080454893533399,0.527519514485084,0.905630323856424,0.00328833233602029,0.00000658032325510869,0.00206126819256992,0.161714336002132,-4.40991303578521,"t3"
"Dihydroxyphenylalanine (DOPA)",2.58956388225279,0.891069654800858,0.258956388225279,0.141106970327553,0.181418580740986,15.6754603258365,2.62986107641503,0.630493233075395,360.336256662343,0.00214001643815151,0.769513013344975,0.796614704091085,0.999999614756439,0.980388606380517,0.701045634367874,0.927947757923636,1,1,0.657053623992601,NA
"Dimethylarginine",3.46732490229091,1.19985960709776,0.346732490229091,0.24553551858727,0.296265378363449,13.52657226789,2.00000061138051,1.4999999559789,313.115083479153,4095.99700044112,0.233195795911056,0.268254574053012,0.999999979925602,0.998250901399902,0.869518264314884,0.180941033273102,1,1,-0.101570259501045,NA
"Dopamine (3-Hydroxytyramine HCl)",2.72183652006105,0.684709058205307,0.272183652006105,0.348819316175561,-0.137791526697964,15.043681947243,2.00000043136491,1.49999995742795,348.233366391151,4095.99709917825,0.206510218939496,0.563062997955758,0.999999392511592,0.99949182099771,0.270829118637202,0.991400401217764,1,1,0.542734145360829,NA
"Dulcitol",5.00803505125805,1.04112100429713,0.500803505125805,0.653997250197238,0.937951150767922,6.30881110997674,2.90170738889341,0.581964850752006,141.931191848855,0.000954581778352532,0.000037077191387331,0.00124370971730627,0.938014211298685,0.992214113198198,0.168150429242334,0.000168777776010586,0.00719297512914221,0.242523394874723,-1.43316221888968,"t10"
"Erythrose 4-phosphate",3.64767111844473,1.0748374241137,0.364767111844473,1.04772121751947,1.53683394598184,4.66763147358724,2.00000049319845,1.49999995497789,112.68995558705,4095.99693223359,0.0000000233588214340612,0.000129205627956517,0.110561683778092,0.00552367446317937,0.0000017179115485564,0.0000000110693609832814,0.0000052323760012297,0.0304925281977381,-0.257438364541812,"t1"
"Erythrose",3.58402628285154,1.17362746474129,0.358402628285154,0.546823703044566,0.684761628668525,9.38520836506368,2.00000045406013,1.49999995459672,226.585736899561,4095.99690626062,0.00651783540639674,0.0285715943367055,0.875723174424588,0.632282370297293,0.221536972710037,0.0017806258860808,0.997228817178702,1,-0.202431943386401,"t10"
"FAD",3.49998733101228,1.03938506395695,0.349998733101228,0.12721271019522,0.176795657601469,13.798791736369,2.00000047477106,1.49999995384609,333.142245468555,4095.99685511315,0.181863797578561,0.235134989606611,0.890801506926881,0.940310545413455,0.885735612236512,0.552357748551317,1,1,-0.129799467628628,NA
"Fructose 6-phosphate",4.48220305679885,1.25010072505966,0.448220305679885,1.5389787321587,2.07111985284727,2.48565831628358,4.08097979204642,0.444632253126395,50.7890593556016,0.0000971904492505443,1.83604581082567e-11,0.000152773515278609,0.978420189389658,0.170140424271639,0.000000152209067302397,5.48293879992212e-11,0.00000000444323086219812,0.0352906820293587,-0.978700582299205,"t3"
"Fructose",2.90660541660109,1.06203056697184,0.290660541660109,0.732894300695658,1.03818308906162,3.30620049202112,3.13831016220007,0.561502621644389,69.7216754062105,0.00067917120742344,0.0000000881471063522045,0.000624266387325263,0.503975731082205,0.859230465422742,0.0000562285128277115,0.000000109178118319126,0.0000191279220784284,0.128598875789004,0.383043643456388,"t3"
"Fumarate",2.47036389335511,1.07299203861036,0.247036389335511,-0.526031288038469,-0.721976535178718,13.2142503751061,2.00000056260985,1.49999997408561,319.029745249265,4095.99823421646,0.00420746577716196,0.01896197545191,0.101665589660083,0.0236712023390546,0.00834527675222542,0.00147220439586951,0.656364661237266,1,0.760074783995844,"t1"
"Gamma-aminobutyric acid (GABA)",2.7105370753975,1.11414703653738,0.27105370753975,0.40826089446249,-0.0592440564758648,14.8809227645317,2.00000063138578,1.49999995521811,359.267975009002,4095.99694860133,0.0249471424200565,0.0272648339222009,0.155744665845358,0.0513348624370353,0.998561427240688,0.999980788591827,1,1,0.552499933993833,NA
"Galacturonic acid",3.93103843468344,1.01212320352779,0.393103843468344,0.210243811305591,0.30076920895251,10.6987473248271,2.00000049277004,1.49999995653529,258.298318479927,4095.99703835315,0.00682909686187907,0.0183295451223835,0.782825304462468,0.857823321194754,0.528188735513407,0.0617124769414297,1,1,-0.502344676160493,NA
"gamma-Glutamylcysteine",3.75135030378694,1.30556012037402,0.375135030378694,1.11678385465777,1.31885979956046,10.734595780504,2.00000049207518,1.499999971816,259.163802605173,4095.99807956722,0.0659640441244517,0.206779871674219,0.999217729780773,0.999800544305055,0.884780666502665,0.0608719724792016,1,1,-0.347045335489724,NA
"GDP",3.16748232283285,1.0245291576732,0.316748232283285,0.64403140802057,0.93866453626726,10.7303909205417,2.5270431509693,0.649518517941691,248.66589931778,0.00293676681061529,0.000653175637152855,0.00215603616610392,0.587773950143296,0.317166544655413,0.00141058842588897,0.000675051003974023,0.110386682678832,0.402292566847331,0.157575153512796,"t3"
"Glucaric acid",3.01066774028234,1.01973384780401,0.301066774028235,0.319845316104578,0.456275043565916,13.9319821883599,2.00000069626089,1.49999995601492,336.357837675571,4095.99700289532,0.214042754620444,0.235945198745213,0.635093903198272,0.798645886886919,0.434370898944716,0.0846566184526011,1,1,0.293105536939631,NA
"Gluconic acid",3.57193236153321,1.09863197838295,0.357193236153321,0.608210242751039,0.820076752921103,1.59493455188726,5.59849529264313,0.374663066358821,28.585067154396,0.0000303470034368186,9.24261858892764e-10,0.000227468771518309,0.999869940547771,0.970500225816339,0.000103920356729827,0.00000000333915636220336,0.000000215353013122014,0.050725536048583,-0.19197951117794,"t3"
"Glucose 6-phosphate",3.90498556700706,1.13953547363379,0.390498556700706,1.25505093533142,1.78710788600085,4.54651102040536,2.00000046312329,1.49999995618817,109.765762153681,4095.99701470076,0.0000000336767621542083,0.00014660883839149,0.427728107487632,0.0293297653457209,0.00000586828107575804,0.0000000247388531534091,0.00000747624119823424,0.0341598593452172,-0.479827923648578,"t1"
"Glucose",3.43962651123002,1.2363785779841,0.343962651123002,1.05362929986859,1.31318601328639,0.456138602557265,8.76144184623152,0.198802336322302,5.61971211322587,0.00000162768851330155,4.88505747392081e-12,0.000291094187670759,0.98513216228645,0.999830917512006,0.0000446808841802037,9.50434433041475e-12,0.00000000119195402363668,0.0634585329122255,-0.0776313279314667,"t3"
"Glutamate",1.72659608455206,1.06682954018284,0.172659608455206,0.243461225915384,-0.426910136064982,13.0702632046071,2.86030466821592,0.605658303411955,295.01651085746,0.00141576671862939,0.0519984075986392,0.0422846794245038,0.930239433280116,0.708643965277285,0.733405578259329,0.339513036450978,1,1,1.40289214618314,NA
"Glutamine",3.07545343202291,1.23867274292545,0.307545343202291,-0.156285870395824,-0.0525285494994768,16.4611063763186,2.00000061675406,1.49999995830638,397.418120802278,4095.99715903388,0.70177652538677,0.707424768722133,0.787583013314435,0.764519954828226,0.670338093721386,0.993820583707259,1,1,0.237113106265376,NA
"Glyceraldehyde 3-phosphate",4.71385620291096,1.31496203834994,0.471385620291096,1.19551884174871,1.41517413744284,5.84846480756307,2.00000055715149,1.49999995709569,141.198644302558,4095.99707653852,0.0000000151297297937506,0.000148714315112177,0.0158392514929581,0.00568684299553838,0.0924669331522949,0.0000635757751332758,0.00000341931893338764,0.0345017211060252,-1.17891180758175,"t0.5"
"Glycerate",2.53389488201599,1.04851571783437,0.253389488201599,-0.335065547989182,-0.4316267150336,14.152974515945,2.00000064889544,1.49999995497639,341.693224829328,4095.99693213116,0.00104227130497213,0.0073724938415194,0.0278268650451214,0.000807702708723585,0.00719604320563105,0.000937851885005678,0.173017036625373,1,0.705166757505884,"t0.5"
"Glycerol 3-phosphate",4.78366266941575,1.26330684850292,0.478366266941575,1.26676122718862,1.59022716736286,3.11775897594971,4.4705451494901,0.436899132921773,61.6464734376292,0.000085458243514334,0.000000242342531222084,0.000495500584425368,0.976376240683932,0.92439253842438,0.0114000591251018,0.00000206444908408006,0.0000513766166190818,0.103064121560476,-1.23924355107901,"t3"
"Glycerol",5.43854950585426,1.06133526660356,0.543854950585426,0.301171193854585,0.412169024413885,6.94966261805695,4.19564953407051,0.449874204403679,140.643077720655,0.000106046226474325,0.0004068505256153,0.00167585423398317,0.613830294712931,0.92810194292595,0.475387528414274,0.00435222787090617,0.0707919914570623,0.323439867158753,-1.80524361688994,"t10"
"Glycine",3.65888237285756,1.0418727176541,0.365888237285756,0.107093389472566,0.14842441950106,13.4434793037756,2.00000052812785,1.49999996965128,324.563987148526,4095.99793206471,0.0702749250457916,0.0913618947199364,0.484491023016469,0.720336677125635,0.957306481738347,0.651811080069875,1,1,-0.267127932849515,NA
"GMP",4.92222572185837,1.17778017798134,0.492222572185837,1.83616645902913,3.01264372896328,5.48207151356097,3.90704433523549,0.45579813256192,113.649316497826,0.000117029120416791,0.000000775279229795749,0.000216601762436766,0.450042703353541,0.182432818085417,0.0000115255660619864,0.0000014611045889658,0.00016048280056772,0.0487353965482723,-1.35899965616122,"t3"
"GSH",4.82562338312008,1.06539804621536,0.482562338312008,0.371142823901995,0.507755386673658,7.25800736351117,2.00000058992218,1.49999995449328,168.009421781908,4095.9968992123,0.0000645519148686137,0.0019192714151948,0.288445078490954,0.47385336645261,0.902330966166054,0.0023668969425081,0.012200311910168,0.364661568887013,-1.27550900244658,"t10"
"GSSG",2.0086946983157,1.15959145639848,0.20086946983157,0.00887937364149094,-0.398582183146914,12.8876119115514,2.61095471443023,0.62493220464761,296.692903498171,0.00195092348430456,0.158944136511942,0.129745890543765,0.999975158045971,0.999699587327932,0.969078693556589,0.143106273030241,1,1,1.15908233802801,NA
"GTP",0.569623341478641,1.04750250310768,0.0569623341478641,-0.833119898843219,-1.21439653477813,4.29690176249831,4.79025358829992,0.421886684743237,82.6681434198682,0.0000665722490392936,0.0000000174831391322663,0.000117900459921819,0.000213759135931296,0.000220258056210009,0.00000189601895360689,0.00000000183658323840434,0.00000393370630475992,0.0280603094613929,2.40283078028714,"t0.5"
"Guanidinosuccinic acid",3.05281653410313,1.03695986508159,0.305281653410313,-0.209934162426312,-0.164584707632876,16.5247285372789,2.00000065461057,1.49999995418415,398.954140310819,4095.99687814823,0.997023061269414,0.996293657243993,0.999903110161595,0.999067110658419,0.994814161772748,0.997073962558301,1,1,0.256677533276961,NA
"Guanidoacetic acid",2.2798357228388,0.970531080098971,0.22798357228388,0.139031935454336,0.201709957545583,14.5632419700761,3.25567819541916,0.552221439534621,318.457252807721,0.000582003136633661,0.718290871467199,0.812240880637643,0.993967527519534,0.984697317014475,0.932164327040236,0.971036367115069,1,1,0.924742862587155,NA
"Guanine",3.56867311639079,0.890589261123059,0.356867311639079,0.325272143348355,0.487821823359456,14.2581783764208,2.93565525825286,0.569804605950679,319.903302067743,0.000779756093826577,0.359900131760715,0.119441147746711,0.997807877453948,0.716622028166177,0.395869025823398,0.362542971405918,1,1,-0.189162638303945,NA
"Guanosine",3.10310485753142,1.05442615358252,0.310310485753142,0.300024355554688,0.413305336632335,12.7677056130138,2.0000005171956,1.49999996860874,308.248880393588,4095.99786102734,0.0912453638383467,0.254894380091511,0.794801669635027,0.735143345102119,0.149722591603517,0.0435156956468937,1,1,0.213214765686877,"t10"
"Heptadecanoic acid",3.23274316838889,0.929578091155034,0.32327431683889,0.113545855483194,0.176441522373341,15.3346845786308,2.0000004559981,1.49999995739438,370.223086126426,4095.99709689057,0.552860742282889,0.71818693834137,0.864249830344095,0.997201100874231,0.978315872102103,0.92430571283694,1,1,0.1011720609106,NA
"Heptylic acid",3.2787290289115,1.02125149397169,0.32787290289115,0.0589161814333437,0.0832524299561937,15.398343223419,2.00000053873372,1.49999997405378,371.75998527356,4095.99823204739,0.440495945799835,0.45316109156587,0.881529480311946,0.930652698926071,0.969776484829845,0.919614281325781,1,1,0.0614277896350967,NA
"Hexanoyl-CoA",3.23507283081316,0.975494587768859,0.323507283081316,0.0415894280678943,-0.0197332729557422,16.2005922471833,2.0000006840931,1.49999995542408,391.128563671244,4095.99696263649,0.381557646102609,0.342255525225468,0.713129439977179,0.616324338213042,0.989735061567667,0.999991143257325,1,1,0.0991585999398099,NA
"Histidine",3.05924255474827,0.934810368050238,0.305924255474827,-0.220967475399647,-0.136684148137377,16.5223171389435,2.00000066631728,1.4999999529387,398.895921909013,4095.99679328506,0.331703532184166,0.27660194547498,0.187638955016355,0.591545654334511,0.43894364983122,0.832354432915653,1,1,0.251123706408442,NA
"HMG-CoA",3.07499109661525,0.985244702937609,0.307499109661525,0.115864702687366,0.169856764981298,15.9992196112597,2.16448585522547,0.73020749777209,381.394991748802,0.0112415123356587,0.957512099799178,0.847441892485837,0.999717618335171,0.995640194727183,0.988221987690494,0.999991433239827,1,1,0.237512689608027,NA
"Homocysteine",2.82991340432236,0.923174920785901,0.282991340432236,-0.277200447084958,-0.381520752104035,15.822714737629,2.00000052269015,1.49999994926107,382.005526163487,4095.99654269437,0.14168018192104,0.107212321172391,0.305463262440183,0.221203155086113,0.0822485368959233,0.157045064674553,1,1,0.44932636832073,NA
"Homoserine",2.96365878304229,1.03060951360265,0.296365878304229,0.0603486510438296,-0.00518682747538828,16.4070399863664,2.00000053325883,1.49999994934393,396.112806279477,4095.99654834046,0.694394109167743,0.669046162595964,0.860343106399085,0.999999992334454,0.950462742100766,0.999998583988773,1,1,0.333734041608117,NA
"Hypotaurine",1.75668714033253,0.888669139587254,0.175668714033253,0.118736126603869,0.145486438880115,13.6056855198194,3.2809482702303,0.544908288053109,296.910810082395,0.000515335254866782,0.822815938995874,0.88294053991481,0.97240873467136,0.991264567238806,0.97408631984873,0.998903250567579,1,1,1.3768853025509,NA
"Hypoxanthine",5.63343814685287,1.8128191994715,0.563343814685287,3.38120309469112,4.84123968396463,1.51647669864207,3.98936680988945,0.429726071006597,31.223741041412,0.0000758456362841043,7.21070438607584e-13,0.000156481735069781,0.714546325563072,0.397194282970606,0.0000000137626568925886,2.21394404793741e-12,1.77383327897466e-10,0.0359907990660497,-1.9736803260944,"t3"
"Imidazoleacetic acid",3.05573159868917,1.00551960214921,0.305573159868917,0.258331451822914,0.367077385071421,15.3519359162692,2.00000051566179,1.49999994879349,370.639580990886,4095.99651083411,0.484477784543139,0.513079510573298,0.999986467093901,0.990234062466517,0.590458840191212,0.516967756560134,1,1,0.254158125868328,NA
"IMP",5.39826766282052,1.5120937250675,0.539826766282052,2.86414712111856,5.20135224184225,3.89934515204623,3.32410545659859,0.506634199325373,84.7967990052547,0.00027262789095996,1.08982147062689e-11,0.0000676069188367882,0.00825152324952812,0.000706547806044027,9.93089757296321e-10,9.53586270293351e-12,0.00000000264826617362334,0.0166989089526867,-1.77042916569091,"t0.5"
"Inosine",5.8891042945019,2.02289305916777,0.58891042945019,3.99828972115425,7.40396479061639,0.102367454464678,11.883894601822,-0.0576803785498763,0.949563626915875,0.0000000228326082617559,3.31289003219928e-16,0.0000474886292256372,0.00186037662804604,0.000400692223508422,7.03564151319164e-13,4.23355074382356e-16,8.34848288114218e-14,0.0118721573064093,-2.19464530560436,"t0.5"
"Inotisol",2.74530957415036,1.02776079883368,0.274530957415036,0.0784483151001192,0.110173488222379,14.940288643703,2.49898207045967,0.649487664542296,346.989225795266,0.0029352598644473,0.6424559465934,0.906567236521933,0.999351048946874,0.98350246732797,0.968517826695752,0.82669923285811,1,1,0.522447052354675,NA
"Isobutyryl-CoA",3.4525924952179,1.90398843598237,0.34525924952179,3.40479435881483,4.16104869355539,1.38379994627553,5.50603656274766,0.378884904330798,25.0061739444114,0.0000325549783341198,1.02657350607109e-13,0.0000506552010116718,0.000000576763348611537,0.0000000416379917880018,6.65593052628795e-12,2.0648224058227e-14,2.54590229505631e-11,0.0125624898508946,-0.0888374591011713,"t0.5"
"Isocitrate",1.66776174045817,0.977419151784865,0.166776174045817,-1.00903875245876,-1.64787924256383,3.87671138298287,4.09982015793364,0.474651133087251,79.087486969914,0.000160140650723387,0.0000000548420596165002,0.000439919106020475,0.611683596904507,0.322588363925421,0.000141175330625733,0.0000000341044360488421,0.00001206525311563,0.0923830122642998,1.45374099636034,"t3"
"Isoleucine",3.572779513511,1.13754806243885,0.3572779513511,0.400325981883748,0.513052802188276,9.48837105906274,2.68171051245027,0.616839711628598,217.221271421093,0.0017051957489094,0.0210463812388573,0.146367972401295,0.975861671193356,0.949099001130793,0.996267540032763,0.0511384589434973,1,1,-0.192711680536836,NA
"Itaconic acid",1.96876418709218,1.77507598667224,0.196876418709218,0.164074295504208,-0.390907662799827,11.8728279214827,2.56909023326303,0.643181283643885,274.233139694188,0.00264292427977362,0.0354608070245647,0.0453307056159546,0.919450422175383,0.833568201979126,0.974011833034757,0.13554299717139,1,1,1.19359314313639,NA
"Kynurenic acid",3.31749419021908,1.10269172118603,0.331749419021908,0.144432941802988,0.189238173305541,16.2085727480217,2.00000030271799,1.49999995460528,375.198434154897,4095.99690684377,0.833189500286173,0.951589660021068,0.993849833892059,0.998166092493664,0.999999979463769,0.920161681642952,1,1,0.0279241633130529,NA
"Lactate",5.45842157754669,1.34397068506812,0.545842157754669,1.99276166488587,2.75126736633397,3.18938854951991,3.13008016256763,0.550775594180209,67.304730185034,0.000568171568301141,8.33846630775608e-10,0.000374820371193091,0.952382273663127,0.99994334430902,0.0000489304107427645,0.00000000482184174801891,0.000000195120111601492,0.0798367390641285,-1.82241848323309,"t3"
"Lauric acid",3.32344170047733,0.973009022123499,0.332344170047733,0.0474533238402645,0.0703737042799246,15.4970744229656,2.00000048997454,1.49999995384421,374.143639824278,4095.99685498533,0.664250475620795,0.738477178508571,0.903605451076569,0.972337994213852,0.999936420685599,0.943557889070814,1,1,0.022783899361673,NA
"Leucine",4.29638519169421,1.13850726222993,0.429638519169421,0.372661490690771,0.47651501337176,9.65909934048418,2.00000044260743,1.49999995542284,233.198247566338,4095.99696255151,0.0114640442245524,0.0763641223811628,0.900385472042422,0.916152356094525,0.999852604385878,0.0425859451083481,1,1,-0.818103486700155,"t10"
"Linoleate",3.37960607787324,0.976680129234154,0.337960607787324,0.0617608179612786,0.0912599039796445,15.2350667752211,2.0000005398808,1.49999995839106,367.818025440829,4095.99716480354,0.271757356239076,0.332276578449468,0.432278969936051,0.920224062881006,0.998254448598016,0.975338573599312,1,1,-0.0257573745402393,NA
"Lysine",2.67082790302704,1.09730168668101,0.267082790302704,0.119474139698777,0.157236003656572,14.2294930987549,2.88941758204832,0.581695548877364,320.438706404361,0.000950314836080683,0.698298318693825,0.669314007587135,0.991476727026909,0.920815617287445,0.976820804142143,0.958124657965001,1,1,0.586819442227057,NA
"Malate",1.92190812102163,1.01291915204322,0.192190812102163,-0.336760340608489,-0.484138646141564,12.9092232164979,3.45392209212236,0.522351653818153,277.783404076203,0.000354098828612502,0.162648795434158,0.232002481681264,0.909188498753965,0.533205674148891,0.409300674456196,0.0676920000316813,1,1,1.23408950831575,NA
"Malonate",1.10665515738573,0.98538359917768,0.110665515738573,0.0865118238976145,0.0688194593297015,6.61193846031005,7.26925171834478,0.273579969982017,95.3349516577412,0.0000056470125942466,0.83545201121923,0.726125031786067,0.983157877276304,0.999999997782902,0.913817041697359,0.999999837693998,1,1,1.93868945657537,NA
"Mannitol",3.77934218940176,1.29238819318178,0.377934218940176,0.316716860293513,0.355337066116448,14.2660896920257,2.24627235031901,0.712531054483742,323.759412035046,0.00837755697018935,0.170205094943219,0.201831361075918,0.978211855020898,0.849583038485456,0.947185655365352,0.425861890153219,1,1,-0.371237926054412,NA
"Mannose",3.3193669792736,1.03559872054311,0.33193669792736,0.422827325317673,0.597435578091243,6.43547464538509,4.21344740433305,0.41070869753302,130.042574908058,0.0000552758465551092,0.00227281191206384,0.00390283730548185,0.999996482650281,0.98271169794106,0.0248125630004324,0.00691661504160308,0.368195529754342,0.690802203070287,0.0263055650009029,"t3"
"Methionine",1.05681069864174,1.12519940860671,0.105681069864174,0.061625101271819,-0.594770693469479,7.78311271019989,2.72267691706823,0.609375025793411,169.899128606768,0.00150606590542079,0.0000825148843746477,0.000955832103963915,0.958879823013213,0.942586042141772,0.0555183665972593,0.000566600835747443,0.0154302833780591,0.189254756584855,1.98176860454365,"t10"
"Methylimidazole acetic acid",3.13984553930084,1.14463227383203,0.313984553930084,0.450602879117144,0.575450053191825,14.6730036481024,2.00000048200514,1.49999995121983,354.248217798184,4095.99667616223,0.369057512206281,0.334448097927177,0.998815317886662,0.986834955902787,0.571803476028914,0.307928926337303,1,1,0.181460839447467,NA
"Methylmalonic acid",2.78106573910375,1.14175457017278,0.278106573910375,1.89718955718527,3.43587735519921,96.7367745602176,27.9999994445769,-1.49986580314696,1.06581410364015e-12,8.69300230608761e-19,4.09375493915672e-15,0.000044712303873251,0.00000000106423687225335,1.20942713945907e-10,9.66266905949441e-14,8.74193945336678e-16,1.02343873478918e-12,0.0113122128799325,0.491544015996783,"t0.5"
"Methylmalonyl-CoA",2.72245016700167,0.961353432540258,0.272245016700167,-1.34939838233662,-2.51283562277588,5.60340735421631,5.96484477473039,0.33821916657654,91.829004015258,0.0000165507944865143,0.0000927758024201473,0.0149689231339399,0.493693213371521,0.141106743683158,0.275192118398756,0.0000170016800884967,0.0172562992501474,1,0.542203787763991,"t10"
"Mevalonic acid",3.04765635824142,0.944082359482125,0.304765635824142,-0.0839366874123902,-0.0287520685770427,16.4494872679732,2.0000005439806,1.49999995850887,397.137604565836,4095.99717283075,0.887785094404989,0.915272186844996,0.881503593560791,0.904870910003983,0.999070775303807,0.999335160869729,1,1,0.261137326503537,NA
"Mucic acid",3.32951953824188,0.995812182207285,0.332951953824188,0.380155190703361,0.557593334022254,12.7390966175351,2.00000055760602,1.49999995281777,307.558176574181,4095.99678504454,0.221240614052195,0.288969549445813,0.972226699311467,0.944367391319318,0.635757619808049,0.107837405858078,1,1,0.0175309970534877,NA
"Myristic acid",2.81247330424815,0.990188099732437,0.281247330424815,0.0922905651991011,0.13456398444395,14.4872000223045,2.91693562129573,0.578873535405916,311.203294183851,0.00090673264640342,0.238239558524033,0.230089111450336,0.532116955437106,0.857521257488305,0.958241004283073,0.971666247403235,1,1,0.46439935076673,NA
"N-Acetylasparagine",4.39768870699404,0.424644828533294,0.439768870699404,0.112255961796771,0.383624728246444,11.2855927577355,2.00000037496623,1.49999995402812,261.240565259217,4095.99686751694,0.00561323861570266,0.0117775873812827,0.282612271649898,0.393489216137735,0.933169797218405,0.181129385400822,0.870051985433913,1,-0.905657233601533,NA
"N-Acetylaspartate",4.68874634697656,1.32671891794429,0.468874634697656,0.755005560878133,0.844304491806804,5.32031128854852,4.85389113973115,0.41382608504147,101.797003608433,0.0000582180499150923,0.000122149392308869,0.00285390471742054,0.603927821114347,0.707654595620488,0.502526078592441,0.00207864728636831,0.0223533387925229,0.522264563287959,-1.15721007329638,"t10"
"N-Acetylcysteine",3.11949438303349,0.924967725285253,0.311949438303349,0.0182906329775764,0.0285292823498078,16.3609866677914,2.00000043644291,1.49999997161322,395.000950575496,4095.99806574935,0.958019625604967,0.869593786771136,0.992782255747383,0.997186051504278,0.999965135084881,0.9950704828539,1,1,0.199049764962124,NA
"N-Acetyl-D-glucosamine",3.67908810057982,1.07605233172289,0.367908810057982,0.187639564664881,0.252214291811334,13.3865927648965,2.16999752691388,0.72954916320923,318.978136136623,0.0111190698522528,0.0683708982755843,0.082501896386989,0.648693330968569,0.866098078420269,0.885230251318629,0.450046751593829,1,1,-0.284591168609077,NA
"N-acetylglutamate",4.53046725858038,1.10840342801588,0.453046725858038,0.569449758382714,0.758174814351518,5.17771748650768,2.00000053397495,1.49999995707074,125.004888468253,4095.99707483811,0.00000236788496177479,0.000665913502471027,0.922471740157993,0.999970296485106,0.045454214806852,0.0000110940360435154,0.000485416417163831,0.135180441001618,-1.02041395912201,"t3"
"N-Acetylglutamine",3.04373014417302,0.998512952284443,0.304373014417302,-0.094499032834133,-0.0880606660092403,16.519545571045,2.00000047743361,1.49999995689418,398.829014139398,4095.99706280748,0.914391018518692,0.991170050790979,0.902772386139844,0.881891313354688,0.929491547311193,0.956525016392966,1,1,0.264530641649691,NA
"N-Acetylglycine",3.24493769160158,1.44821712859111,0.324493769160158,0.151333535921857,0.150893904751862,15.4422301059302,2.00000058182384,1.49999995458494,372.819538728809,4095.99690545787,0.430742764753741,0.477878344488724,0.967681647219771,0.84121694093545,0.952828033854368,0.924782891448674,1,1,0.0906326813462676,NA
"N-Acetylleucine",4.18369089852901,1.14821695833171,0.418369089852901,0.276344287654891,0.348907784586152,9.26786072428277,2.00000047710197,1.49999995467277,223.7526292745,4095.99691144292,0.00659475348227028,0.0587546595594418,0.993214138723067,0.993520226222856,0.93833092582267,0.0117902285552645,1,1,-0.720705014477219,"t10"
"N-Acetylmethionine",4.07970113760743,0.605456659325111,0.407970113760743,0.139970470436417,0.335022079467382,12.709428100164,2.00000048760728,1.49999995447242,294.199713064519,4095.996897791,0.0401583295584697,0.0588135635439649,0.394675619319579,0.819674255998802,0.999993821063619,0.366279896275682,1,1,-0.630829621889748,NA
"N-Acetylneuraminic acid",3.28092125843855,1.24346855344891,0.328092125843855,1.32073005826327,1.7070834280165,4.45247548934032,6.34587150061439,0.284038277358876,74.5632664598257,0.00000672012107484908,0.000010891198740071,0.000662354984438246,0.0688431059616069,0.0844480322536167,0.000405479060192604,0.00000221619518330902,0.00217823974801419,0.135120416825402,0.0595331080083736,"t3"
"N-Acetylornithine",2.50203677136339,0.921626482575683,0.250203677136339,0.189195172422487,0.297208896092717,13.7633323155646,2.95140057623301,0.587345945504649,308.412846638567,0.00104397486437365,0.655550626784598,0.859198768092897,0.99842572274504,0.999538220710836,0.999807584446317,0.658255749090596,1,1,0.732700816403827,NA
"N-Acetylserine",3.86736140341757,0.876060027651065,0.386736140341757,0.129206191286062,0.213163621724609,13.3946349749915,2.0000004551493,1.4999999558661,310.060983501546,4095.99699275527,0.135103445877279,0.17973804101358,0.935480579693542,0.959115893445737,0.999730405362994,0.30806120862193,1,1,-0.44731042920092,NA
"N-Acetyltyrosine",3.58587013067676,1.05835945847533,0.358587013067676,0.187391756671892,0.256112210463142,12.4544932402942,2.00000049203197,1.49999995302785,300.687039706516,4095.99679935951,0.0969972049459132,0.242164992352482,0.9997979532868,0.984751899101019,0.701188994909861,0.165268585631196,1,1,-0.204025528617244,NA
"N-Acetylvaline",3.54683268073253,1.13218605661533,0.354683268073253,0.0906806017638273,0.115612144391075,14.9377666289279,2.00000069127976,1.49999995538471,360.640346578362,4095.99695995338,0.340865984236572,0.369213005402533,0.723376510784973,0.704969071886898,0.971582560980069,0.939210755321326,1,1,-0.170286570971235,NA
"NAD+",2.42979705411231,0.998150480420899,0.242979705411231,-0.351152470100451,-0.512878730633721,12.2276534348934,2.00000051420488,1.49999997397775,295.210478394176,4095.99822686637,0.000888562124261056,0.00444764862275934,0.0337786437489543,0.0426780058368135,0.00103665286665613,0.000379165943472527,0.148389874751596,0.778338508982884,0.79513554931224,"t0.5"
"NADH",3.0002538566105,1.06641250483524,0.30002538566105,0.839317087562465,1.2002142024914,11.120783134246,2.00000062114102,1.49999994917982,268.487465698445,4095.99653715817,0.00288771369317203,0.0130589738713002,0.224281230153318,0.0357197997843752,0.0142262442947668,0.000693159413083664,0.459146477214352,1,0.302105960395483,"t1"
"NADP+",3.37228820341818,0.822721529432475,0.337228820341818,-0.323654900451607,-0.0192007207007143,14.8246795188697,2.81946705112417,0.592465843089046,335.704465103264,0.00113678901505069,0.229495392264044,0.195752969085638,0.660412299371558,0.528457526418463,0.99682684529599,0.980385804833716,1,1,-0.0194327437907739,NA
"NADPH",3.16113548102805,1.13188892454212,0.316113548102805,0.0492081805121398,-0.00822545243844007,16.2964472936679,2.00000056437782,1.49999995807429,393.442781866327,4095.99714321909,0.738604434408869,0.638911493657829,0.965462158532842,0.945326354838243,0.97940892213495,0.998611292382769,1,1,0.163060548361686,NA
"N-Formylmethionine",3.87173204029643,0.796049042705695,0.387173204029643,0.177251773062884,0.322573995494199,11.8067609387461,2.00000052336543,1.499999966765,273.304639916808,4095.99773539624,0.0476745662400731,0.0608882289881095,0.904764882354373,0.997811586077748,0.831319812431304,0.11508313664478,1,1,-0.451087846341453,NA
"Niacin",6.4027321832401,1.13921023731148,0.64027321832401,1.05053948064501,1.34721803059376,7.84879417839353,5.04991912878438,0.377946401954107,140.059130457029,0.0000320506612359245,0.000131657696296949,0.000933048919876578,0.687212820994584,0.976928727239345,0.000452731765643333,0.000756388333469053,0.0239617007260447,0.186609783975316,-2.63855928074111,"t3"
"Nicotinamide",5.66790638924702,1.08326706659792,0.566790638924702,0.840703934064974,1.18154306365687,6.2007890816948,5.39324931120901,0.36289469286049,113.178834562419,0.0000249512674682915,0.0000122060203732596,0.000752849981325903,0.569831854464226,0.999983411568661,0.000300802781952473,0.0000725839177256304,0.00242899805427867,0.152075696227832,-2.00347024761668,"t3"
"Nonanoic acid",3.60715475839003,1.08277945517097,0.360715475839003,0.177220723161682,0.236658098777864,12.9578455879197,2.00000062068266,1.49999995288703,312.839399971885,4095.99678976418,0.222319250098939,0.349021120446392,0.998323709906179,0.999918282796761,0.973641764347915,0.242002364414629,1,1,-0.222421226951919,NA
"Norvaline",3.53091587142225,1.05014342237736,0.353091587142225,0.230819387508429,0.318387394198521,13.4022544492273,2.0798187603378,0.792989894078456,308.259512970338,0.0319455205327276,0.254517072250991,0.517443561993892,0.989342176772381,0.999338333875555,0.964157150452014,0.213492480151039,1,1,-0.156530125405602,NA
"N-Trimethyllysine",3.04770972228768,1.02858391512666,0.304770972228768,0.127863513006799,0.0377776326047528,16.5292632214215,2.00000063610401,1.49999996791854,399.063621104848,4095.99781399766,0.958202819098337,0.929593209658657,0.94253175908198,0.999999613696182,0.994098538239909,0.999324680834081,1,1,0.261091205476186,NA
"Oleic acid",3.05317379298576,1.05347713625079,0.305317379298576,-0.137107774374297,-0.13756356963995,16.4776740773167,2.00000053121412,1.49999995381484,397.818115039325,4095.99685298404,0.760927921656633,0.774644658413925,0.71841688163272,0.885855420270825,0.999860463450067,0.912575373357432,1,1,0.256368764586206,NA
"O-Phosphoethanolamine",3.21292869308643,0.939034255268551,0.321292869308643,0.162197319861587,0.249815881392293,15.0930366210533,2.00000072595241,1.4999999554004,364.389006645611,4095.9969610224,0.541824092331479,0.705347037343142,0.999999807376686,0.999999993167918,0.776374116714817,0.600349942463759,1,1,0.118297148332104,NA
"O-Phosphoserine",2.24064399567521,1.02819618995511,0.224064399567521,0.020724461517839,-0.0353815911379067,15.3892655842257,3.11004189808539,0.582068376512648,340.493005085071,0.000956227181405843,0.905940279169917,0.890581588148773,0.999554212976933,0.995465549436077,0.992658452963094,0.981689765529119,1,1,0.958615157645744,NA
"Ornithine",2.91579622713849,0.924350017969637,0.291579622713849,0.29236247172979,0.460171905576187,14.3239847689613,2.0000005212592,1.49999995360935,345.821904127121,4095.99683898211,0.177380623173248,0.184323707956662,0.371511035720905,0.639621580812948,0.281161024688964,0.0758757355387714,1,1,0.375100287322806,NA
"Orotate",4.06737152375089,1.08855184485388,0.406737152375089,0.338108085684171,0.451761845843969,6.74224284807401,2.50740244645466,0.655921042944938,156.485657776231,0.00326682532150535,0.000377570576623236,0.00753628295615939,0.999501875951049,0.993014442649974,0.354240441776856,0.000810510649102977,0.0660748509090663,1,-0.620173487324311,"t10"
"Palmitate",3.34910013352033,0.946160711337425,0.334910013352033,0.0858947321354602,0.131061366778862,14.8021246086502,2.00000052306915,1.49999995560378,357.36556545842,4095.99697488082,0.292413904954001,0.294086277715322,0.622338488707534,0.99094210133008,0.966123958426967,0.885757985668393,1,1,0.000608045484500303,NA
"Palmitic acid",2.47439266489189,0.892082201993251,0.247439266489189,-0.191516102826408,-0.0053413074837352,14.9256934518504,3.08751897317477,0.546427539275214,301.373739140405,0.000528525588850404,0.58980252878934,0.274225313475721,0.423802845056512,0.793459000809908,0.869517606301696,0.984911409737698,1,1,0.756592831346808,NA
"Pentadecanoic acid",3.04390421860418,0.822404793853312,0.304390421860418,-0.216417257637669,-0.116713166960757,16.5055028524245,2.00000055190116,1.49999995110204,398.489980519638,4095.99666813649,0.592467830008379,0.485710844579906,0.799306104130077,0.413645668650062,0.947180002864645,0.983397070561586,1,1,0.264380194070035,NA
"Pentanoic acid",1.95491698232487,1.3138838713098,0.195491698232487,0.0801573373534257,0.00979088477263837,13.3098906552983,3.49739512402338,0.517723932683044,285.391457723643,0.000327861560116041,0.580166028437962,0.196224462617782,0.655593018040244,0.999865718237246,0.984706130416643,0.997839052798189,1,1,1.20556088836123,NA
"Phenylalanine",4.36281332117626,1.13740768623231,0.436281332117626,0.567915758746576,0.7358994407134,5.73340510173259,2.00000042499104,1.49999995379552,138.420775788059,4095.99685166794,0.000027175799866127,0.00312882268688147,0.999490878445364,0.98794734604588,0.136485949612932,0.0000257396490190451,0.00529928097389477,0.566316906325546,-0.875515429598581,"t10"
"Phosphocholine",3.02096165544735,0.969816674145897,0.302096165544735,0.402971048695887,0.60831319238065,14.4132546769955,2.0000005077171,1.49999995512504,333.640141008496,4095.99694225988,0.071865617258838,0.447972033306528,0.154332605713576,0.283873423396199,0.305567690629494,0.0234335888889556,1,1,0.284208798851976,"t10"
"Phosphocreatine",1.62576201029834,0.900603871690827,0.162576201029834,-0.691392479438777,-1.16733196340226,6.46451540986007,3.97259654642259,0.486666722276452,133.288176175121,0.000195573881508401,0.000142530533984983,0.00390283730548185,0.602369178980786,0.890538794962068,0.0250542846013584,0.0000584255988726331,0.025798026651282,0.690802203070287,1.49004016854066,"t3"
"Phosphoenolpyruvate",3.55798379057814,0.987134629885814,0.355798379057814,0.325272376606561,0.47975764805878,10.8090322837212,2.0000006900241,1.49999995558489,260.960908426926,4095.99697359359,0.0159592738786294,0.0299885048761601,0.999999925895448,0.998045535831877,0.197999419486666,0.0204835422593928,1,1,-0.179924158040178,"t10"
"Pimelate",3.56874304755907,1.07616279157463,0.356874304755907,0.136225704560001,0.182867511463339,13.805803148407,2.00000056511314,1.49999995543465,333.311518665264,4095.9969633563,0.141156053024584,0.133435734158369,0.670866022049417,0.890986944129013,0.955458764934944,0.644795464861069,1,1,-0.18922307782364,NA
"Pipecolic acid",2.30842359647582,1.04608182044676,0.230842359647582,0.0830137614251387,0.11454787765073,13.4786175164818,2.9347580131903,0.579137739373671,302.434353895528,0.000910726664609094,0.378135425119531,0.394399488858628,0.635174815665278,0.943307522652291,0.99721700677925,0.953078527256888,1,1,0.900035176526545,NA
"Proline",4.62935443897884,1.1922308902398,0.462935443897884,0.858986589850321,1.08826975695423,4.05457072371852,2.00000047775117,1.49999997189156,97.8889181609206,4095.99808471528,0.000000157546741206538,0.000333475552892406,0.934391454093754,0.976375125379351,0.00997446121633301,0.00000129296338884068,0.0000338725493594057,0.0720307194247598,-1.10587933649587,"t3"
"Propionic acid",4.17036886746584,1.48212231179849,0.417036886746584,0.516513896503908,0.507956872593347,10.1933048547927,2.00000053811653,1.4999999600954,246.095492736079,4095.997280936,0.0116287458966438,0.035278494455761,0.953479964893587,0.912938911082246,0.97672296285862,0.0365257406694101,1,1,-0.709191161947374,"t10"
"Propionyl-CoA",5.91081094252619,2.15040263428759,0.591081094252619,3.02442297980962,2.52081321862619,3.02801287309851,3.79247265351941,0.470276778825872,63.3724573939423,0.000148901168074279,0.0000000116566799992337,0.000248039670524954,0.373842955708451,0.93015697116492,0.000184351622545727,0.000000010731008777368,0.00000264606635982605,0.0548167671860148,-2.21340574409034,"t3"
"Propionylglycine",4.69789211578022,1.04813605947326,0.469789211578022,0.244352103096392,0.337871543900986,8.29696057355897,3.63204299479209,0.494962556250621,175.954036576514,0.00022451529473882,0.00884489782793867,0.0104298554718396,0.950784534329512,0.999994464745329,0.497651489362015,0.0201842497685671,1,1,-1.16511450114061,"t10"
"Prostaglandin E2",3.09752439231299,0.968516752773441,0.309752439231299,0.288803934538025,0.43343103198848,14.872674230979,2.00000063747013,1.49999995819934,359.068831683419,4095.99715173985,0.428629455356946,0.466879694197419,0.991748478486027,0.999936981616936,0.564853710690844,0.438921491447981,1,1,0.21803780305019,NA
"Pterin",3.19921327886547,0.955727383950995,0.319921327886547,0.13036576603654,0.189146062552976,16.0930980845965,2.11030091347735,0.761353852306308,385.243777167874,0.0188733254397047,0.840686168925657,0.899857989157476,0.999999241300213,0.999999996400423,0.901333375077243,0.916228124375714,1,1,0.130150990736247,NA
"Pyridoxamine",3.36810118710385,1.12469444480219,0.336810118710385,0.335653962852016,0.433797181808762,13.4550044234691,2.00000044002159,1.49999995322882,324.842238657124,4095.99681305349,0.311029722209683,0.172976537046833,0.989074002041008,0.826020226934498,0.925868994861386,0.164331841988357,1,1,-0.0158140246814474,NA
"Pyruvate",2.99747406445288,1.09985400307444,0.299747406445288,-1.00631194426852,-0.745159825812316,16.3649803911603,2.00000054071809,1.49999995579821,395.097367295879,4095.9969881289,0.00736914128181898,0.0147958679475205,0.0162194267236794,0.00245827970675311,0.183185236690922,0.125687728249513,1,1,0.30450845569179,"t0.5"
"Quinolinic acid",0.722695431890886,0.869014869870989,0.0722695431890886,0.00437861665952655,-0.709684440844763,1.89544277877945,6.51218656360312,0.330243896553426,31.2562661366536,0.0000144943837029116,0.000000101295934344594,0.000989093761196206,0.9996939331006,0.999804290731393,0.17306349103884,0.000000257854622215038,0.0000218799218184323,0.194851470955653,2.27053492636783,"t10"
"Riboflavin",3.56440642667228,1.09514721897548,0.356440642667228,0.773649941750408,1.06504061226001,8.15747499776789,2.00000044433333,1.4999999529169,196.944746786069,4095.99679179895,0.00063787908556527,0.00579586571396762,0.426263976973173,0.456692486962168,0.0232293966903933,0.000144693353245543,0.108531605087931,1,-0.185475059737532,"t3"
"Ribose 5-phosphate",2.95121322306096,0.947941685630229,0.295121322306096,0.4326212918882,0.670215583048436,13.3861266305949,2.00000055877132,1.49999995394288,309.86402852343,4095.99686170858,0.022491684277343,0.0891569593957283,0.504559201442744,0.518413330609887,0.0176800236709064,0.0166413493804901,1,1,0.344490385111371,"t3"
"Ribose",5.55671930228708,1.25877089723834,0.555671930228708,0.744698950452997,0.879798600828276,3.81153676665309,6.59723462693021,0.303839712708276,62.3565190195962,0.00000934193673046278,0.0000374392342542936,0.00182929661289768,0.502261809027319,0.81671758998479,0.251236316831225,0.000791158651212211,0.00722577221107867,0.351224949676354,-1.90737441084754,"t10"
"Ribulose 5-phosphate",5.73571662284898,1.1274451380814,0.573571662284899,0.87738822399396,1.18515802453032,2.78832978752433,5.04853783720745,0.394145517216871,52.4574074932398,0.0000419634382064097,3.52164789013261e-10,0.0000907769725764066,0.011432416026031,0.00522505196508911,0.0571141145372051,0.000000478255076884466,0.0000000838152197851562,0.0219680273634904,-2.0620767037948,"t0.5"
"S-Adenosylhomocysteine",2.94676458948294,0.961295554522708,0.294676458948294,0.743027849827729,1.17621777537839,7.94607152022401,2.00000053539646,1.49999995547862,191.840861658854,4095.99696635285,0.000000516814415377831,0.000223400988913258,0.0104402083268948,0.00266738456981285,0.00000251853666821562,0.000000217038027215189,0.000108531027229345,0.0500418215165699,0.34833521258052,"t0.5"
"S-Adenosylmethionine",3.05561615779689,0.944668086103,0.305561615779689,-0.167831475157119,-0.256989252781825,15.5298393876275,2.00000055761477,1.49999997370368,374.934677704766,4095.99820819195,0.560229793195629,0.567766111044928,0.926856829149548,0.999999998100633,0.716165409920962,0.563523491628787,1,1,0.254257898148043,NA
"Sedoheptulose 7-phosphate",5.61984871600474,1.33688294256263,0.561984871600474,1.41075989610321,1.6933071090898,2.17115860485201,4.01330878589595,0.471294400976373,44.6143127742039,0.000151443326209502,2.57946194557484e-10,0.000261881223463768,0.957386470574455,0.999992916603483,0.000188105927020795,0.00000000156246814185176,0.0000000616491404992387,0.0573519879385651,-1.96193536753605,"t3"
"Sedoheptulose",5.22979396712999,1.4303717297299,0.522979396712999,1.3223878265607,1.44319421694158,3.90330521032679,3.22676977220185,0.535595730888352,85.5538893006967,0.000441376531186351,0.00000000269374281907032,0.000118974514094193,0.183400317723098,0.342722432117144,0.0053896166774751,0.000000238724740699822,0.000000619560848386173,0.0281969598403238,-1.62482214239688,"t3"
"Serine",3.10721335858532,1.04094070433511,0.310721335858532,0.00332466331600623,0.00460783148940949,16.4105118101149,2.00000050880352,1.49999995257773,396.19662676614,4095.99676868876,0.969940601155109,0.966185091096796,0.983993738959597,0.975398424231745,0.995041106220325,0.999999999804192,1,1,0.20966390508394,NA
"Serotonin",1.95401007714222,0.967715870724814,0.195401007714222,0.0404040320127237,0.0602440947973871,14.4186317056565,3.7674618826855,0.507884390569217,302.387494493395,0.000278357268052514,0.746795554323769,0.810119583444182,0.996761061982097,0.870420201763851,0.999989419578873,0.985957415422327,1,1,1.20634470071552,NA
"Sphingosine 1-phosphate",2.59718204587926,0.983637119682339,0.259718204587926,-0.831748981874956,-1.30156365956912,4.97886014245628,4.09581906669135,0.462577788312962,101.606064546197,0.000131001133880028,0.0000246276950458625,0.00361986439254035,0.999497697579868,0.962623763769886,0.630656997894724,0.0000293529898341551,0.00485165592403492,0.647955726264722,0.650469461853401,"t10"
"Sphingosine",2.9825383992388,0.86471068485165,0.29825383992388,0.265057091823741,0.343075556321849,16.1828604714606,2.00000060769182,1.49999752759705,390.700470261764,4095.83153605237,0.479289358766389,0.526045578257587,0.660538581910956,0.64084260588087,0.329813993406702,0.493471981725418,1,1,0.317416926321725,NA
"Stearate",3.05088407787067,0.901377786252274,0.305088407787067,0.112957366551099,0.181030424358742,16.0469785202748,2.00000044008552,1.49999996153117,387.419896874268,4095.99737876755,0.839253772541994,0.887414191726479,0.999874678709329,0.953618721073586,0.951602720621391,0.879980517842989,1,1,0.258347700233897,NA
"Suberic acid",4.39889268791614,0.5331503341322,0.439889268791614,0.325767293863616,0.910592985142669,5.10399896705453,2.33553656847394,0.686923760583686,120.065137958275,0.00547156879614241,0.000000655933400606747,0.000511049426653897,0.99765851411364,0.99907333226282,0.00243026231852069,0.00000161191002354352,0.000136434147326203,0.105787231317357,-0.906697800067722,"t3"
"Succinate",2.37781908643732,1.15642481463055,0.237781908643732,1.85195257407442,3.17573152510084,0.081354164960925,14.3376976047419,0.0324190905664285,0.542337391022969,0.00000010221130957455,1.17108195481794e-14,0.0000462060433513645,0.00000000556746207476514,5.05394143318486e-10,3.97307066115083e-13,2.23475280107523e-15,2.91599406749667e-12,0.0116439229245439,0.840058628366262,"t0.5"
"Succinyl-CoA",2.01173382076449,1.49647215835431,0.201173382076449,-1.94252694360123,-2.23222516344655,12.7873739021531,2.5853487689111,0.626231961727139,294.979368241128,0.00199356599640576,0.0108955437900693,0.0252458649582524,0.674164959660645,0.236731038767097,0.0681395007438199,0.0029250895733374,1,1,1.15645571093717,"t10"
"Tartaric acid",4.15202160707949,0.731748286041286,0.415202160707949,0.108611133556033,0.174704285326381,13.7087536266499,2.65693786924751,0.613476444317574,314.454719057531,0.0016124103492719,0.0262615709010109,0.00654905597391628,0.731550192412994,0.543808339633694,0.484345323722324,0.593097671935996,1,1,-0.693334146645922,NA
"Taurine",2.23513816553899,1.21678321678792,0.223513816553899,0.195127778540763,-0.0912547540136717,14.913145670367,3.21066734923678,0.559268077130011,327.296152033688,0.000654387971841607,0.506719603402505,0.548635261020179,0.806447587482532,0.771694221940676,0.999999999999988,0.986204711368995,1,1,0.963373690030353,NA
"Threonine",4.51304854768814,1.14350660286036,0.451304854768814,0.37830934387625,0.481716850425848,10.0085268700143,2.00000041069007,1.49999995161844,231.678855119955,4095.99670332309,0.00370553621084253,0.0322834417056991,0.687220262479388,0.791081547988567,0.985786883410391,0.0335512643732629,0.581769185102277,1,-1.00535946273762,"t10"
"Thymidine",3.53525190954058,1.06409471646977,0.353525190954058,0.18972390102386,0.257911542861211,14.4643944208685,2.00000040671962,1.49999995467219,320.441957847636,4095.99691140294,0.270675248903547,0.637254091409843,0.997719838896584,0.984587937257223,0.83681373768068,0.497268250313337,1,1,-0.160277639821498,NA
"Thymine",2.62211857687909,0.927422344973893,0.262211857687909,0.213572215376123,0.333712234606746,14.5917723770057,2.65933109485338,0.628850766386058,334.646405149403,0.00208233571307331,0.75492525938953,0.709955312486083,0.999999892887415,0.994804905031243,0.999907997926402,0.805768445440735,1,1,0.628917527379109,NA
"TMP",3.35365602206176,1.09132667825762,0.335365602206176,0.141950459736794,0.187918700106111,14.6752346819155,2.00000056384993,1.49999995083603,354.30207909622,4095.99665001062,0.114055662750624,0.120835384501471,0.911233071976612,0.619241051007977,0.800573371593051,0.736584444376467,1,1,-0.00332947939888056,NA
"Tridecanoic acid",3.96841091368535,1.04201956871099,0.396841091368535,0.0589287080648675,0.0816096226583656,14.717577873123,2.78692169897631,0.601653190842361,334.141221711611,0.00132451195444542,0.622340817361601,0.427067121375949,0.928848402823587,0.999987761708854,0.999999888116393,0.831121560638542,1,1,-0.534644646777754,NA
"Tryptophan",3.97440543315064,1.03398334711995,0.397440543315064,0.416958793057064,0.589855567407502,6.70509162733252,2.00000056275472,1.49999995662386,161.880062280859,4095.99704438799,0.0000729052343162527,0.00268869993076171,0.997144586629978,0.998568586294538,0.0205959150151422,0.000117714602419143,0.0137061840514555,0.497409487190916,-0.539825539449701,"t3"
"Tyrosine",3.57671246639952,1.03236413926844,0.357671246639952,0.439615517054059,0.623892802920525,10.1612468501118,2.00000051480781,1.49999995823809,245.321521380676,4095.99715438039,0.0230398977876269,0.0654906953915376,0.75327612826917,0.804847006151875,0.334241481175942,0.00619378749530386,1,1,-0.196110819853545,"t10"
"UDP",3.77054691168098,1.07820495594339,0.377054691168098,0.818841286319079,1.15339856659517,6.06528088514153,2.00000065046757,1.49999995084608,146.433202614347,4095.99665069577,0.0000618010853534724,0.000949660874250035,0.567065467489135,0.250944690226596,0.00375970847248819,0.0000196085987494483,0.0117422062171598,0.188982513975757,-0.363636417684116,"t3"
"UDP-glucose",3.13921983009257,1.0046762047036,0.313921983009257,0.0388969833922559,0.0265214054882251,16.2742624702523,2.00000054003026,1.49999994954424,392.907177602988,4095.99656198901,0.819696972616558,0.866784249041749,0.958083436189845,0.976291975224919,0.993894868845152,0.998218938971073,1,1,0.182001622119145,NA
"UDP-glucuronic acid",1.26428545099786,1.0499784098559,0.126428545099786,0.0591807728636538,-1.16271312717995,7.4566984815865,3.97777617765202,0.491096097272409,146.378523383639,0.000210528961825201,0.00129709580568046,0.092669615365127,0.999559124508686,0.999906882512454,0.999782467861327,0.00257721674352444,0.214020807937276,1,1.80245407727921,"t10"
"UDP-GluNAc",3.02673636087293,0.935234697930508,0.302673636087293,-0.177407119481183,-0.0518036458794438,16.3355864943146,2.00000071122261,1.49999995756615,394.387709500295,4095.99710859508,0.539173638175371,0.570182737042054,0.464173023556126,0.673918994451492,0.980414162060806,0.996924480652775,1,1,0.279217885202388,NA
"UMP",4.1907622110329,1.04520232527973,0.41907622110329,1.47393600694558,2.53153580766004,6.13416796538215,4.35976247689141,0.447685385614418,122.433792907386,0.000102254308619403,0.000000250427377354256,0.000167846774256879,0.0561905825052771,0.00775258007099739,0.0000014464490723273,0.000000212853192930669,0.000052840176621748,0.0384369113048253,-0.726816548745247,"t1"
"Undecanoic acid",3.27301802770038,0.86639888363806,0.327301802770038,0.5047127717461,0.865484064896521,11.3398127527952,2.00000043716635,1.49999995415456,273.775470110913,4095.99687613237,0.0310177197798768,0.107610254714234,0.830442054869155,0.700680827124365,0.0999215937251675,0.0131223643505267,1,1,0.0663636455440621,"t10"
"Uracil",3.43675495383499,1.00358694682409,0.343675495383499,0.143293146403553,0.206340461412245,13.6841655172877,2.0000004287526,1.49999995401816,330.374842307007,4095.99686683814,0.193373405946507,0.163399000093747,0.852941305408673,0.997709319258539,0.999998957223678,0.219311034202013,1,1,-0.0751495225505431,NA
"Urea",3.18821308732792,1.0018624540861,0.318821308732792,0.0819138699195638,0.11802282179533,15.5715929839197,2.00000058827897,1.49999994899476,375.942727885244,4095.99652454853,0.808334134794494,0.76995787518542,0.999991058442973,0.999798642162901,0.98993331768235,0.82764631181313,1,1,0.139658143404098,NA
"Ureidopropionic acid",3.96799532813838,1.18071467925573,0.396799532813838,1.2685807527827,1.73188001108573,8.53053323124099,2.00000052000834,1.49999995243089,205.951436916057,4095.99675868305,0.00259432627989117,0.00995665808652947,0.963880616969618,0.993792614818227,0.134366973238853,0.00172979617436573,0.417686531062478,1,-0.534285468009993,"t10"
"Uric acid",3.13577669296111,1.5183328843428,0.313577669296111,2.93563632623054,5.8854394466188,0.0554941149151889,9.69724210310049,0.133970280436617,0.663929503141887,0.000000553576766519707,1.64792507024613e-18,0.0000462060433513645,0.0000000262801195300007,0.00000000231715938129408,3.16212184025272e-16,7.93600504068611e-19,4.18572967842517e-16,0.0116439229245439,0.184977427608839,"t0.5"
"Uridine",3.17987412317561,2.18620310124648,0.317987412317561,1.29984933249093,0.884482813710891,16.1118036485081,2.00000037652856,1.49999996081067,372.958406555179,4095.99732967344,0.618179086847513,0.481184488564167,0.996430238447031,0.989490051011191,0.999998938638212,0.506820776427356,1,1,0.146865272936081,NA
"Urocanic acid",3.03300710026481,0.399054509038207,0.303300710026481,-0.148455331029532,-0.351951014612463,16.4851083171571,2.00000045519241,1.49999995467272,397.997601149844,4095.99691143908,0.795130633795196,0.892705908081586,0.755774048782592,0.734933741174169,0.895656776300072,0.855347720691454,1,1,0.273798263504407,NA
"UTP",2.26998081118174,1.08441509713543,0.226998081118174,-0.581613809644014,-0.745488934755556,13.7490601488229,2.17205624148654,0.737941815437977,327.562852677213,0.0127850673479163,0.000289980078641895,0.00567171164268603,0.006623353692052,0.00611082064853263,0.000193963411251328,0.000262083910452275,0.0513264739196155,0.986877825827368,0.933260182429448,"t0.5"
"Valine",3.20713001069676,1.05186809468921,0.320713001069676,0.20771154421462,0.285819023761395,11.8131238103665,2.83332346931615,0.596517176458549,267.213538832587,0.00121604491795708,0.131270155542254,0.275819629778811,0.817742542636324,0.910450202273831,0.999857914531105,0.406805520203239,1,1,0.12330878458978,NA
"Xanthine",2.02630728618222,2.02662359511654,0.202630728618222,3.97242474647572,6.6337224007445,0.129819077031744,10.4755489095629,0.0455619383192796,1.42386669942202,0.000000127189818134818,1.06128651231575e-15,0.0000501608793884006,0.000620883427202047,0.000335902053682759,1.71857273159697e-12,1.00562658081671e-15,2.66382914591254e-13,0.0124900589677117,1.14386027928917,"t0.5"
"Xylose",3.44338886056664,1.38836059431882,0.344338886056664,0.982319989080823,1.06686222922391,11.3666844517622,2.00000051469825,1.49999995895737,274.424228041779,4095.99720339152,0.0536989820696049,0.0844035692087419,0.710207072864901,0.890059599942243,0.527749405109795,0.0158877905716028,1,1,-0.0808830194507394,"t10"
"Xylulose 5-phosphate",5.73571662284898,1.1274451380814,0.573571662284899,0.87738822399396,1.18515802453032,2.78832978752433,5.04853783720745,0.394145517216871,52.4574074932398,0.0000419634382064097,3.52164789013261e-10,0.0000907769725764066,0.011432416026031,0.00522505196508911,0.0571141145372051,0.000000478255076884466,0.0000000838152197851562,0.0219680273634904,-2.0620767037948,"t0.5"
